[
{
    "fields": {
        "code": "goods_reception",
        "name": "\u041e\u043f\u0440\u0438\u0445\u043e\u0434\u043e\u0432\u0430\u043d\u0438\u0435 \u0442\u043e\u0432\u0430\u0440\u0430"
    },
    "model": "workflow.schema",
    "pk": 1
},
{
    "fields": {
        "code": "retail",
        "name": "\u0420\u043e\u0437\u043d\u0438\u0447\u043d\u0430\u044f \u043f\u0440\u043e\u0434\u0430\u0436\u0430"
    },
    "model": "workflow.schema",
    "pk": 2
},
{
    "fields": {
        "code": "goods_order",
        "name": "\u0417\u0430\u043a\u0430\u0437 \u0442\u043e\u0432\u0430\u0440\u0430"
    },
    "model": "workflow.schema",
    "pk": 3
},
{
    "fields": {
        "code": "purchase_returns",
        "name": "\u0412\u043e\u0437\u0432\u0440\u0430\u0442 \u0442\u043e\u0432\u0430\u0440\u0430"
    },
    "model": "workflow.schema",
    "pk": 4
},
{
    "fields": {
        "brake_task_script": "############# \u0417\u0430\u0434\u0430\u0447\u0430 \u0438\u0441\u043f\u043e\u043b\u043d\u044f\u0435\u043c\u0430\u044f \u043f\u0440\u0438 \u043f\u0440\u0435\u0440\u044b\u0432\u0430\u043d\u0438\u0438\n## \u042d\u0442\u0430 \u0444\u0443\u043d\u043a\u0446\u0438\u044f \u0441\u043e\u0434\u0435\u0440\u0436\u0438\u0442 \u043f\u0440\u043e\u0438\u0437\u0432\u043e\u043b\u044c\u043d\u044b\u0439 \u043a\u043e\u0434-\u0437\u0430\u0434\u0430\u0447\u0443 \u0438\u0441\u043f\u043e\u043b\u043d\u044f\u0435\u043c\u0443\u044e \u043f\u0440\u0438 \u043f\u0440\u0435\u0440\u044b\u0432\u0430\u043d\u0438\u0438.\n## \u0424\u0443\u043d\u043a\u0446\u0438\u044f \u0434\u043e\u043b\u0436\u043d\u0430 \u0432\u0435\u0440\u043d\u0443\u0442\u044c \u0418\u0441\u0442\u0438\u043d\u0443, \u0432 \u0441\u043b\u0443\u0447\u0430\u0435 \u0443\u0434\u0430\u0447\u043d\u043e\u0433\u043e \u0437\u0430\u0432\u0435\u0440\u0448\u0435\u043d\u0438\u044f, \u0438\u043b\u0438 \u041b\u043e\u0436\u044c -  \u0432 \u0438\u043d\u043e\u043c \u0441\u043b\u0443\u0447\u0430\u0435\n## \u0424\u0443\u043d\u043a\u0446\u0438\u044f \u043f\u043e\u043b\u0443\u0447\u0430\u0435\u0442 \u0432 \u043a\u0430\u0447\u0435\u0441\u0442\u0432\u0435 \u043f\u0430\u0440\u0430\u043c\u0435\u0442\u0440\u0430 \u0441\u0441\u044b\u043b\u043a\u0443 \u043d\u0430 \u044d\u0435\u0437\u0435\u043c\u043f\u043b\u044f\u0440 \u0411\u041f\ndef handler(workflow_instance):\n    return True\n",
        "init": true,
        "code": "new",
        "workflow_schema": 1,
        "name": "\u041d\u043e\u0432\u044b\u0439"
    },
    "model": "workflow.state",
    "pk": 2
},
{
    "fields": {
        "brake_task_script": "############# \u0417\u0430\u0434\u0430\u0447\u0430 \u0438\u0441\u043f\u043e\u043b\u043d\u044f\u0435\u043c\u0430\u044f \u043f\u0440\u0438 \u043f\u0440\u0435\u0440\u044b\u0432\u0430\u043d\u0438\u0438\n## \u042d\u0442\u0430 \u0444\u0443\u043d\u043a\u0446\u0438\u044f \u0441\u043e\u0434\u0435\u0440\u0436\u0438\u0442 \u043f\u0440\u043e\u0438\u0437\u0432\u043e\u043b\u044c\u043d\u044b\u0439 \u043a\u043e\u0434-\u0437\u0430\u0434\u0430\u0447\u0443 \u0438\u0441\u043f\u043e\u043b\u043d\u044f\u0435\u043c\u0443\u044e \u043f\u0440\u0438 \u043f\u0440\u0435\u0440\u044b\u0432\u0430\u043d\u0438\u0438.\n## \u0424\u0443\u043d\u043a\u0446\u0438\u044f \u0434\u043e\u043b\u0436\u043d\u0430 \u0432\u0435\u0440\u043d\u0443\u0442\u044c \u0418\u0441\u0442\u0438\u043d\u0443, \u0432 \u0441\u043b\u0443\u0447\u0430\u0435 \u0443\u0434\u0430\u0447\u043d\u043e\u0433\u043e \u0437\u0430\u0432\u0435\u0440\u0448\u0435\u043d\u0438\u044f, \u0438\u043b\u0438 \u041b\u043e\u0436\u044c -  \u0432 \u0438\u043d\u043e\u043c \u0441\u043b\u0443\u0447\u0430\u0435\n## \u0424\u0443\u043d\u043a\u0446\u0438\u044f \u043f\u043e\u043b\u0443\u0447\u0430\u0435\u0442 \u0432 \u043a\u0430\u0447\u0435\u0441\u0442\u0432\u0435 \u043f\u0430\u0440\u0430\u043c\u0435\u0442\u0440\u0430 \u0441\u0441\u044b\u043b\u043a\u0443 \u043d\u0430 \u044d\u0435\u0437\u0435\u043c\u043f\u043b\u044f\u0440 \u0411\u041f\ndef handler(workflow_instance):\n    return True\n",
        "init": false,
        "code": "fixed",
        "workflow_schema": 1,
        "name": "\u041f\u0440\u043e\u0432\u0435\u0434\u0435\u043d"
    },
    "model": "workflow.state",
    "pk": 3
},
{
    "fields": {
        "brake_task_script": "############# \u0417\u0430\u0434\u0430\u0447\u0430 \u0438\u0441\u043f\u043e\u043b\u043d\u044f\u0435\u043c\u0430\u044f \u043f\u0440\u0438 \u043f\u0440\u0435\u0440\u044b\u0432\u0430\u043d\u0438\u0438\r\n## \u042d\u0442\u0430 \u0444\u0443\u043d\u043a\u0446\u0438\u044f \u0441\u043e\u0434\u0435\u0440\u0436\u0438\u0442 \u043f\u0440\u043e\u0438\u0437\u0432\u043e\u043b\u044c\u043d\u044b\u0439 \u043a\u043e\u0434-\u0437\u0430\u0434\u0430\u0447\u0443 \u0438\u0441\u043f\u043e\u043b\u043d\u044f\u0435\u043c\u0443\u044e \u043f\u0440\u0438 \u043f\u0440\u0435\u0440\u044b\u0432\u0430\u043d\u0438\u0438.\r\n## \u0424\u0443\u043d\u043a\u0446\u0438\u044f \u0434\u043e\u043b\u0436\u043d\u0430 \u0432\u0435\u0440\u043d\u0443\u0442\u044c \u0418\u0441\u0442\u0438\u043d\u0443, \u0432 \u0441\u043b\u0443\u0447\u0430\u0435 \u0443\u0434\u0430\u0447\u043d\u043e\u0433\u043e \u0437\u0430\u0432\u0435\u0440\u0448\u0435\u043d\u0438\u044f, \u0438\u043b\u0438 \u041b\u043e\u0436\u044c -  \u0432 \u0438\u043d\u043e\u043c \u0441\u043b\u0443\u0447\u0430\u0435\r\n## \u0424\u0443\u043d\u043a\u0446\u0438\u044f \u043f\u043e\u043b\u0443\u0447\u0430\u0435\u0442 \u0432 \u043a\u0430\u0447\u0435\u0441\u0442\u0432\u0435 \u043f\u0430\u0440\u0430\u043c\u0435\u0442\u0440\u0430 \u0441\u0441\u044b\u043b\u043a\u0443 \u043d\u0430 \u044d\u0435\u0437\u0435\u043c\u043f\u043b\u044f\u0440 \u0411\u041f\r\ndef handler(workflow_instance):\r\n    return True\r\n",
        "init": false,
        "code": "new",
        "workflow_schema": 3,
        "name": "\u041d\u043e\u0432\u044b\u0439"
    },
    "model": "workflow.state",
    "pk": 4
},
{
    "fields": {
        "brake_task_script": "############# \u0417\u0430\u0434\u0430\u0447\u0430 \u0438\u0441\u043f\u043e\u043b\u043d\u044f\u0435\u043c\u0430\u044f \u043f\u0440\u0438 \u043f\u0440\u0435\u0440\u044b\u0432\u0430\u043d\u0438\u0438\n## \u042d\u0442\u0430 \u0444\u0443\u043d\u043a\u0446\u0438\u044f \u0441\u043e\u0434\u0435\u0440\u0436\u0438\u0442 \u043f\u0440\u043e\u0438\u0437\u0432\u043e\u043b\u044c\u043d\u044b\u0439 \u043a\u043e\u0434-\u0437\u0430\u0434\u0430\u0447\u0443 \u0438\u0441\u043f\u043e\u043b\u043d\u044f\u0435\u043c\u0443\u044e \u043f\u0440\u0438 \u043f\u0440\u0435\u0440\u044b\u0432\u0430\u043d\u0438\u0438.\n## \u0424\u0443\u043d\u043a\u0446\u0438\u044f \u0434\u043e\u043b\u0436\u043d\u0430 \u0432\u0435\u0440\u043d\u0443\u0442\u044c \u0418\u0441\u0442\u0438\u043d\u0443, \u0432 \u0441\u043b\u0443\u0447\u0430\u0435 \u0443\u0434\u0430\u0447\u043d\u043e\u0433\u043e \u0437\u0430\u0432\u0435\u0440\u0448\u0435\u043d\u0438\u044f, \u0438\u043b\u0438 \u041b\u043e\u0436\u044c -  \u0432 \u0438\u043d\u043e\u043c \u0441\u043b\u0443\u0447\u0430\u0435\n## \u0424\u0443\u043d\u043a\u0446\u0438\u044f \u043f\u043e\u043b\u0443\u0447\u0430\u0435\u0442 \u0432 \u043a\u0430\u0447\u0435\u0441\u0442\u0432\u0435 \u043f\u0430\u0440\u0430\u043c\u0435\u0442\u0440\u0430 \u0441\u0441\u044b\u043b\u043a\u0443 \u043d\u0430 \u044d\u0435\u0437\u0435\u043c\u043f\u043b\u044f\u0440 \u0411\u041f\ndef handler(workflow_instance):\n    return True\n",
        "init": false,
        "code": "wait",
        "workflow_schema": 1,
        "name": "\u041e\u0436\u0438\u0434\u0430\u0435\u043c \u0442\u043e\u0432\u0430\u0440"
    },
    "model": "workflow.state",
    "pk": 5
},
{
    "fields": {
        "brake_task_script": "############# \u0417\u0430\u0434\u0430\u0447\u0430 \u0438\u0441\u043f\u043e\u043b\u043d\u044f\u0435\u043c\u0430\u044f \u043f\u0440\u0438 \u043f\u0440\u0435\u0440\u044b\u0432\u0430\u043d\u0438\u0438\n## \u042d\u0442\u0430 \u0444\u0443\u043d\u043a\u0446\u0438\u044f \u0441\u043e\u0434\u0435\u0440\u0436\u0438\u0442 \u043f\u0440\u043e\u0438\u0437\u0432\u043e\u043b\u044c\u043d\u044b\u0439 \u043a\u043e\u0434-\u0437\u0430\u0434\u0430\u0447\u0443 \u0438\u0441\u043f\u043e\u043b\u043d\u044f\u0435\u043c\u0443\u044e \u043f\u0440\u0438 \u043f\u0440\u0435\u0440\u044b\u0432\u0430\u043d\u0438\u0438.\n## \u0424\u0443\u043d\u043a\u0446\u0438\u044f \u0434\u043e\u043b\u0436\u043d\u0430 \u0432\u0435\u0440\u043d\u0443\u0442\u044c \u0418\u0441\u0442\u0438\u043d\u0443, \u0432 \u0441\u043b\u0443\u0447\u0430\u0435 \u0443\u0434\u0430\u0447\u043d\u043e\u0433\u043e \u0437\u0430\u0432\u0435\u0440\u0448\u0435\u043d\u0438\u044f, \u0438\u043b\u0438 \u041b\u043e\u0436\u044c -  \u0432 \u0438\u043d\u043e\u043c \u0441\u043b\u0443\u0447\u0430\u0435\n## \u0424\u0443\u043d\u043a\u0446\u0438\u044f \u043f\u043e\u043b\u0443\u0447\u0430\u0435\u0442 \u0432 \u043a\u0430\u0447\u0435\u0441\u0442\u0432\u0435 \u043f\u0430\u0440\u0430\u043c\u0435\u0442\u0440\u0430 \u0441\u0441\u044b\u043b\u043a\u0443 \u043d\u0430 \u044d\u0435\u0437\u0435\u043c\u043f\u043b\u044f\u0440 \u0411\u041f\ndef handler(workflow_instance):\n    return True\n",
        "init": false,
        "code": "processing",
        "workflow_schema": 3,
        "name": "\u0412 \u0440\u0430\u0431\u043e\u0442\u0435"
    },
    "model": "workflow.state",
    "pk": 6
},
{
    "fields": {
        "brake_task_script": "############# \u0417\u0430\u0434\u0430\u0447\u0430 \u0438\u0441\u043f\u043e\u043b\u043d\u044f\u0435\u043c\u0430\u044f \u043f\u0440\u0438 \u043f\u0440\u0435\u0440\u044b\u0432\u0430\u043d\u0438\u0438\n## \u042d\u0442\u0430 \u0444\u0443\u043d\u043a\u0446\u0438\u044f \u0441\u043e\u0434\u0435\u0440\u0436\u0438\u0442 \u043f\u0440\u043e\u0438\u0437\u0432\u043e\u043b\u044c\u043d\u044b\u0439 \u043a\u043e\u0434-\u0437\u0430\u0434\u0430\u0447\u0443 \u0438\u0441\u043f\u043e\u043b\u043d\u044f\u0435\u043c\u0443\u044e \u043f\u0440\u0438 \u043f\u0440\u0435\u0440\u044b\u0432\u0430\u043d\u0438\u0438.\n## \u0424\u0443\u043d\u043a\u0446\u0438\u044f \u0434\u043e\u043b\u0436\u043d\u0430 \u0432\u0435\u0440\u043d\u0443\u0442\u044c \u0418\u0441\u0442\u0438\u043d\u0443, \u0432 \u0441\u043b\u0443\u0447\u0430\u0435 \u0443\u0434\u0430\u0447\u043d\u043e\u0433\u043e \u0437\u0430\u0432\u0435\u0440\u0448\u0435\u043d\u0438\u044f, \u0438\u043b\u0438 \u041b\u043e\u0436\u044c -  \u0432 \u0438\u043d\u043e\u043c \u0441\u043b\u0443\u0447\u0430\u0435\n## \u0424\u0443\u043d\u043a\u0446\u0438\u044f \u043f\u043e\u043b\u0443\u0447\u0430\u0435\u0442 \u0432 \u043a\u0430\u0447\u0435\u0441\u0442\u0432\u0435 \u043f\u0430\u0440\u0430\u043c\u0435\u0442\u0440\u0430 \u0441\u0441\u044b\u043b\u043a\u0443 \u043d\u0430 \u044d\u0435\u0437\u0435\u043c\u043f\u043b\u044f\u0440 \u0411\u041f\ndef handler(workflow_instance):\n    return True\n",
        "init": false,
        "code": "wait",
        "workflow_schema": 3,
        "name": "\u041f\u0440\u0438\u043e\u0441\u0442\u0430\u043d\u043e\u0432\u043b\u0435\u043d"
    },
    "model": "workflow.state",
    "pk": 7
},
{
    "fields": {
        "brake_task_script": "############# \u0417\u0430\u0434\u0430\u0447\u0430 \u0438\u0441\u043f\u043e\u043b\u043d\u044f\u0435\u043c\u0430\u044f \u043f\u0440\u0438 \u043f\u0440\u0435\u0440\u044b\u0432\u0430\u043d\u0438\u0438\n## \u042d\u0442\u0430 \u0444\u0443\u043d\u043a\u0446\u0438\u044f \u0441\u043e\u0434\u0435\u0440\u0436\u0438\u0442 \u043f\u0440\u043e\u0438\u0437\u0432\u043e\u043b\u044c\u043d\u044b\u0439 \u043a\u043e\u0434-\u0437\u0430\u0434\u0430\u0447\u0443 \u0438\u0441\u043f\u043e\u043b\u043d\u044f\u0435\u043c\u0443\u044e \u043f\u0440\u0438 \u043f\u0440\u0435\u0440\u044b\u0432\u0430\u043d\u0438\u0438.\n## \u0424\u0443\u043d\u043a\u0446\u0438\u044f \u0434\u043e\u043b\u0436\u043d\u0430 \u0432\u0435\u0440\u043d\u0443\u0442\u044c \u0418\u0441\u0442\u0438\u043d\u0443, \u0432 \u0441\u043b\u0443\u0447\u0430\u0435 \u0443\u0434\u0430\u0447\u043d\u043e\u0433\u043e \u0437\u0430\u0432\u0435\u0440\u0448\u0435\u043d\u0438\u044f, \u0438\u043b\u0438 \u041b\u043e\u0436\u044c -  \u0432 \u0438\u043d\u043e\u043c \u0441\u043b\u0443\u0447\u0430\u0435\n## \u0424\u0443\u043d\u043a\u0446\u0438\u044f \u043f\u043e\u043b\u0443\u0447\u0430\u0435\u0442 \u0432 \u043a\u0430\u0447\u0435\u0441\u0442\u0432\u0435 \u043f\u0430\u0440\u0430\u043c\u0435\u0442\u0440\u0430 \u0441\u0441\u044b\u043b\u043a\u0443 \u043d\u0430 \u044d\u0435\u0437\u0435\u043c\u043f\u043b\u044f\u0440 \u0411\u041f\ndef handler(workflow_instance):\n    return True\n",
        "init": false,
        "code": "collected",
        "workflow_schema": 3,
        "name": "\u0421\u043e\u0431\u0440\u0430\u043d"
    },
    "model": "workflow.state",
    "pk": 8
},
{
    "fields": {
        "brake_task_script": "############# \u0417\u0430\u0434\u0430\u0447\u0430 \u0438\u0441\u043f\u043e\u043b\u043d\u044f\u0435\u043c\u0430\u044f \u043f\u0440\u0438 \u043f\u0440\u0435\u0440\u044b\u0432\u0430\u043d\u0438\u0438\n## \u042d\u0442\u0430 \u0444\u0443\u043d\u043a\u0446\u0438\u044f \u0441\u043e\u0434\u0435\u0440\u0436\u0438\u0442 \u043f\u0440\u043e\u0438\u0437\u0432\u043e\u043b\u044c\u043d\u044b\u0439 \u043a\u043e\u0434-\u0437\u0430\u0434\u0430\u0447\u0443 \u0438\u0441\u043f\u043e\u043b\u043d\u044f\u0435\u043c\u0443\u044e \u043f\u0440\u0438 \u043f\u0440\u0435\u0440\u044b\u0432\u0430\u043d\u0438\u0438.\n## \u0424\u0443\u043d\u043a\u0446\u0438\u044f \u0434\u043e\u043b\u0436\u043d\u0430 \u0432\u0435\u0440\u043d\u0443\u0442\u044c \u0418\u0441\u0442\u0438\u043d\u0443, \u0432 \u0441\u043b\u0443\u0447\u0430\u0435 \u0443\u0434\u0430\u0447\u043d\u043e\u0433\u043e \u0437\u0430\u0432\u0435\u0440\u0448\u0435\u043d\u0438\u044f, \u0438\u043b\u0438 \u041b\u043e\u0436\u044c -  \u0432 \u0438\u043d\u043e\u043c \u0441\u043b\u0443\u0447\u0430\u0435\n## \u0424\u0443\u043d\u043a\u0446\u0438\u044f \u043f\u043e\u043b\u0443\u0447\u0430\u0435\u0442 \u0432 \u043a\u0430\u0447\u0435\u0441\u0442\u0432\u0435 \u043f\u0430\u0440\u0430\u043c\u0435\u0442\u0440\u0430 \u0441\u0441\u044b\u043b\u043a\u0443 \u043d\u0430 \u044d\u0435\u0437\u0435\u043c\u043f\u043b\u044f\u0440 \u0411\u041f\ndef handler(workflow_instance):\n    return True\n",
        "init": false,
        "code": "abort",
        "workflow_schema": 3,
        "name": "\u041e\u0442\u043c\u0435\u043d\u0435\u043d"
    },
    "model": "workflow.state",
    "pk": 9
},
{
    "fields": {
        "brake_task_script": "############# \u0417\u0430\u0434\u0430\u0447\u0430 \u0438\u0441\u043f\u043e\u043b\u043d\u044f\u0435\u043c\u0430\u044f \u043f\u0440\u0438 \u043f\u0440\u0435\u0440\u044b\u0432\u0430\u043d\u0438\u0438\n## \u042d\u0442\u0430 \u0444\u0443\u043d\u043a\u0446\u0438\u044f \u0441\u043e\u0434\u0435\u0440\u0436\u0438\u0442 \u043f\u0440\u043e\u0438\u0437\u0432\u043e\u043b\u044c\u043d\u044b\u0439 \u043a\u043e\u0434-\u0437\u0430\u0434\u0430\u0447\u0443 \u0438\u0441\u043f\u043e\u043b\u043d\u044f\u0435\u043c\u0443\u044e \u043f\u0440\u0438 \u043f\u0440\u0435\u0440\u044b\u0432\u0430\u043d\u0438\u0438.\n## \u0424\u0443\u043d\u043a\u0446\u0438\u044f \u0434\u043e\u043b\u0436\u043d\u0430 \u0432\u0435\u0440\u043d\u0443\u0442\u044c \u0418\u0441\u0442\u0438\u043d\u0443, \u0432 \u0441\u043b\u0443\u0447\u0430\u0435 \u0443\u0434\u0430\u0447\u043d\u043e\u0433\u043e \u0437\u0430\u0432\u0435\u0440\u0448\u0435\u043d\u0438\u044f, \u0438\u043b\u0438 \u041b\u043e\u0436\u044c -  \u0432 \u0438\u043d\u043e\u043c \u0441\u043b\u0443\u0447\u0430\u0435\n## \u0424\u0443\u043d\u043a\u0446\u0438\u044f \u043f\u043e\u043b\u0443\u0447\u0430\u0435\u0442 \u0432 \u043a\u0430\u0447\u0435\u0441\u0442\u0432\u0435 \u043f\u0430\u0440\u0430\u043c\u0435\u0442\u0440\u0430 \u0441\u0441\u044b\u043b\u043a\u0443 \u043d\u0430 \u044d\u0435\u0437\u0435\u043c\u043f\u043b\u044f\u0440 \u0411\u041f\ndef handler(workflow_instance):\n    return True\n",
        "init": false,
        "code": "completed",
        "workflow_schema": 3,
        "name": "\u041e\u043f\u043b\u0430\u0447\u0435\u043d \u0438 \u0437\u0430\u043a\u0440\u044b\u0442"
    },
    "model": "workflow.state",
    "pk": 10
},
{
    "fields": {
        "brake_task_script": "############# \u0417\u0430\u0434\u0430\u0447\u0430 \u0438\u0441\u043f\u043e\u043b\u043d\u044f\u0435\u043c\u0430\u044f \u043f\u0440\u0438 \u043f\u0440\u0435\u0440\u044b\u0432\u0430\u043d\u0438\u0438\r\n## \u042d\u0442\u0430 \u0444\u0443\u043d\u043a\u0446\u0438\u044f \u0441\u043e\u0434\u0435\u0440\u0436\u0438\u0442 \u043f\u0440\u043e\u0438\u0437\u0432\u043e\u043b\u044c\u043d\u044b\u0439 \u043a\u043e\u0434-\u0437\u0430\u0434\u0430\u0447\u0443 \u0438\u0441\u043f\u043e\u043b\u043d\u044f\u0435\u043c\u0443\u044e \u043f\u0440\u0438 \u043f\u0440\u0435\u0440\u044b\u0432\u0430\u043d\u0438\u0438.\r\n## \u0424\u0443\u043d\u043a\u0446\u0438\u044f \u0434\u043e\u043b\u0436\u043d\u0430 \u0432\u0435\u0440\u043d\u0443\u0442\u044c \u0418\u0441\u0442\u0438\u043d\u0443, \u0432 \u0441\u043b\u0443\u0447\u0430\u0435 \u0443\u0434\u0430\u0447\u043d\u043e\u0433\u043e \u0437\u0430\u0432\u0435\u0440\u0448\u0435\u043d\u0438\u044f, \u0438\u043b\u0438 \u041b\u043e\u0436\u044c -  \u0432 \u0438\u043d\u043e\u043c \u0441\u043b\u0443\u0447\u0430\u0435\r\n## \u0424\u0443\u043d\u043a\u0446\u0438\u044f \u043f\u043e\u043b\u0443\u0447\u0430\u0435\u0442 \u0432 \u043a\u0430\u0447\u0435\u0441\u0442\u0432\u0435 \u043f\u0430\u0440\u0430\u043c\u0435\u0442\u0440\u0430 \u0441\u0441\u044b\u043b\u043a\u0443 \u043d\u0430 \u044d\u0435\u0437\u0435\u043c\u043f\u043b\u044f\u0440 \u0411\u041f\r\ndef handler(workflow_instance):\r\n    return True\r\n",
        "init": true,
        "code": "init",
        "workflow_schema": 3,
        "name": "\u0421\u0442\u0430\u0440\u0442"
    },
    "model": "workflow.state",
    "pk": 11
},
{
    "fields": {
        "from_state": 2,
        "task_script": "############# \u0417\u0430\u0434\u0430\u0447\u0430 \u0438\u0441\u043f\u043e\u043b\u043d\u044f\u0435\u043c\u0430\u044f \u043f\u0440\u0438 \u043f\u0435\u0440\u0435\u0445\u043e\u0434\u0435\r\n## \u042d\u0442\u0430 \u0444\u0443\u043d\u043a\u0446\u0438\u044f \u0441\u043e\u0434\u0435\u0440\u0436\u0438\u0442 \u043f\u0440\u043e\u0438\u0437\u0432\u043e\u043b\u044c\u043d\u044b\u0439 \u043a\u043e\u0434-\u0437\u0430\u0434\u0430\u0447\u0443 \u0438\u0441\u043f\u043e\u043b\u043d\u044f\u0435\u043c\u0443\u044e \u043f\u0440\u0438 \u043f\u0435\u0440\u0435\u0445\u043e\u0434\u0435.\r\n## \u0424\u0443\u043d\u043a\u0446\u0438\u044f \u0434\u043e\u043b\u0436\u043d\u0430 \u0432\u0435\u0440\u043d\u0443\u0442\u044c \u0418\u0441\u0442\u0438\u043d\u0443, \u0432 \u0441\u043b\u0443\u0447\u0430\u0435 \u0443\u0434\u0430\u0447\u043d\u043e\u0433\u043e \u0437\u0430\u0432\u0435\u0440\u0448\u0435\u043d\u0438\u044f, \u0438\u043b\u0438 \u041b\u043e\u0436\u044c -  \u0432 \u0438\u043d\u043e\u043c \u0441\u043b\u0443\u0447\u0430\u0435\r\n## \u0424\u0443\u043d\u043a\u0446\u0438\u044f \u043f\u043e\u043b\u0443\u0447\u0430\u0435\u0442 \u0432 \u043a\u0430\u0447\u0435\u0441\u0442\u0432\u0435 \u043f\u0430\u0440\u0430\u043c\u0435\u0442\u0440\u043e\u0432 \u0441\u043e\u0441\u0442\u043e\u044f\u043d\u0438\u0435-\u0438\u0441\u0442\u043e\u0447\u043d\u0438\u043a, \u0441\u043e\u0441\u0442\u043e\u044f\u043d\u0438\u0435-\u043f\u043e\u043b\u0443\u0447\u0430\u0442\u0435\u043b\u044c \u0438 \u0441\u0441\u044b\u043b\u043a\u0443 \u043d\u0430 \u044d\u0435\u0437\u0435\u043c\u043f\u043b\u044f\u0440 \u0411\u041f\r\ndef handler(from_state, to_state, workflow_instance):\r\n    from elastic.stock.models import Consignment\r\n    if workflow_instance.doc_object and type(workflow_instance.doc_object) is Consignment:\r\n        workflow_instance.doc_object.fixed()\r\n        return True\r\n    return False\r\n",
        "to_state": 3,
        "weight": 10,
        "condition_script": "############# \u0423\u0441\u043b\u043e\u0432\u0438\u0435 \u0440\u0435\u0431\u0440\u0430\r\n## \u042d\u0442\u0430 \u0444\u0443\u043d\u043a\u0446\u0438\u044f \u0434\u043e\u043b\u0436\u043d\u0430 \u0432\u0435\u0440\u043d\u0443\u0442\u044c \u0418\u0441\u0442\u0438\u043d\u0443 \u0435\u0441\u043b\u0438 \u043f\u0435\u0440\u0435\u0445\u043e\u0434 \u043f\u043e \u0440\u0435\u0431\u0440\u0443 \u0434\u043e\u043f\u0443\u0441\u0442\u0438\u043c, \u0438\u043b\u0438 \u041b\u043e\u0436\u044c - \u0432 \u0438\u043d\u043e\u043c \u0441\u043b\u0443\u0447\u0430\u0435\r\n## \u0424\u0443\u043d\u043a\u0446\u0438\u044f \u043f\u043e\u043b\u0443\u0447\u0430\u0435\u0442 \u0432 \u043a\u0430\u0447\u0435\u0441\u0442\u0432\u0435 \u043f\u0430\u0440\u0430\u043c\u0435\u0442\u0440\u043e\u0432 \u0441\u043e\u0441\u0442\u043e\u044f\u043d\u0438\u0435-\u0438\u0441\u0442\u043e\u0447\u043d\u0438\u043a, \u0441\u043e\u0441\u0442\u043e\u044f\u043d\u0438\u0435-\u043f\u043e\u043b\u0443\u0447\u0430\u0442\u0435\u043b\u044c \u0438 \u0441\u0441\u044b\u043b\u043a\u0443 \u043d\u0430 \u044d\u0435\u0437\u0435\u043c\u043f\u043b\u044f\u0440 \u0411\u041f\r\ndef handler(from_state, to_state, workflow_instance):\r\n    from elastic.stock.models import Consignment\r\n    if workflow_instance.doc_object and type(workflow_instance.doc_object) is Consignment:\r\n        return workflow_instance.doc_object.effective_date != None\r\n    return False"
    },
    "model": "workflow.transition",
    "pk": 3
},
{
    "fields": {
        "from_state": 3,
        "task_script": "############# \u0417\u0430\u0434\u0430\u0447\u0430 \u0438\u0441\u043f\u043e\u043b\u043d\u044f\u0435\u043c\u0430\u044f \u043f\u0440\u0438 \u043f\u0435\u0440\u0435\u0445\u043e\u0434\u0435\r\n## \u042d\u0442\u0430 \u0444\u0443\u043d\u043a\u0446\u0438\u044f \u0441\u043e\u0434\u0435\u0440\u0436\u0438\u0442 \u043f\u0440\u043e\u0438\u0437\u0432\u043e\u043b\u044c\u043d\u044b\u0439 \u043a\u043e\u0434-\u0437\u0430\u0434\u0430\u0447\u0443 \u0438\u0441\u043f\u043e\u043b\u043d\u044f\u0435\u043c\u0443\u044e \u043f\u0440\u0438 \u043f\u0435\u0440\u0435\u0445\u043e\u0434\u0435.\r\n## \u0424\u0443\u043d\u043a\u0446\u0438\u044f \u0434\u043e\u043b\u0436\u043d\u0430 \u0432\u0435\u0440\u043d\u0443\u0442\u044c \u0418\u0441\u0442\u0438\u043d\u0443, \u0432 \u0441\u043b\u0443\u0447\u0430\u0435 \u0443\u0434\u0430\u0447\u043d\u043e\u0433\u043e \u0437\u0430\u0432\u0435\u0440\u0448\u0435\u043d\u0438\u044f, \u0438\u043b\u0438 \u041b\u043e\u0436\u044c -  \u0432 \u0438\u043d\u043e\u043c \u0441\u043b\u0443\u0447\u0430\u0435\r\n## \u0424\u0443\u043d\u043a\u0446\u0438\u044f \u043f\u043e\u043b\u0443\u0447\u0430\u0435\u0442 \u0432 \u043a\u0430\u0447\u0435\u0441\u0442\u0432\u0435 \u043f\u0430\u0440\u0430\u043c\u0435\u0442\u0440\u043e\u0432 \u0441\u043e\u0441\u0442\u043e\u044f\u043d\u0438\u0435-\u0438\u0441\u0442\u043e\u0447\u043d\u0438\u043a, \u0441\u043e\u0441\u0442\u043e\u044f\u043d\u0438\u0435-\u043f\u043e\u043b\u0443\u0447\u0430\u0442\u0435\u043b\u044c \u0438 \u0441\u0441\u044b\u043b\u043a\u0443 \u043d\u0430 \u044d\u0435\u0437\u0435\u043c\u043f\u043b\u044f\u0440 \u0411\u041f\r\ndef handler(from_state, to_state, workflow_instance):\r\n    from elastic.stock.models import Consignment\r\n    if workflow_instance.doc_object and type(workflow_instance.doc_object) is Consignment:\r\n        # workflow_instance.doc_object.unfixed()\r\n        return True\r\n    return False\r\n",
        "to_state": 2,
        "weight": 10,
        "condition_script": "############# \u0423\u0441\u043b\u043e\u0432\u0438\u0435 \u0440\u0435\u0431\u0440\u0430\r\n## \u042d\u0442\u0430 \u0444\u0443\u043d\u043a\u0446\u0438\u044f \u0434\u043e\u043b\u0436\u043d\u0430 \u0432\u0435\u0440\u043d\u0443\u0442\u044c \u0418\u0441\u0442\u0438\u043d\u0443 \u0435\u0441\u043b\u0438 \u043f\u0435\u0440\u0435\u0445\u043e\u0434 \u043f\u043e \u0440\u0435\u0431\u0440\u0443 \u0434\u043e\u043f\u0443\u0441\u0442\u0438\u043c, \u0438\u043b\u0438 \u041b\u043e\u0436\u044c - \u0432 \u0438\u043d\u043e\u043c \u0441\u043b\u0443\u0447\u0430\u0435\r\n## \u0424\u0443\u043d\u043a\u0446\u0438\u044f \u043f\u043e\u043b\u0443\u0447\u0430\u0435\u0442 \u0432 \u043a\u0430\u0447\u0435\u0441\u0442\u0432\u0435 \u043f\u0430\u0440\u0430\u043c\u0435\u0442\u0440\u043e\u0432 \u0441\u043e\u0441\u0442\u043e\u044f\u043d\u0438\u0435-\u0438\u0441\u0442\u043e\u0447\u043d\u0438\u043a, \u0441\u043e\u0441\u0442\u043e\u044f\u043d\u0438\u0435-\u043f\u043e\u043b\u0443\u0447\u0430\u0442\u0435\u043b\u044c \u0438 \u0441\u0441\u044b\u043b\u043a\u0443 \u043d\u0430 \u044d\u0435\u0437\u0435\u043c\u043f\u043b\u044f\u0440 \u0411\u041f\r\ndef handler(from_state, to_state, workflow_instance):\r\n    from elastic.stock.models import Consignment\r\n    if workflow_instance.doc_object and type(workflow_instance.doc_object) is Consignment:\r\n        return getattr(workflow_instance.doc_object, 'effective_date', None) == None\r\n    return False\r\n"
    },
    "model": "workflow.transition",
    "pk": 4
},
{
    "fields": {
        "from_state": 2,
        "task_script": "############# \u0417\u0430\u0434\u0430\u0447\u0430 \u0438\u0441\u043f\u043e\u043b\u043d\u044f\u0435\u043c\u0430\u044f \u043f\u0440\u0438 \u043f\u0435\u0440\u0435\u0445\u043e\u0434\u0435\r\n## \u042d\u0442\u0430 \u0444\u0443\u043d\u043a\u0446\u0438\u044f \u0441\u043e\u0434\u0435\u0440\u0436\u0438\u0442 \u043f\u0440\u043e\u0438\u0437\u0432\u043e\u043b\u044c\u043d\u044b\u0439 \u043a\u043e\u0434-\u0437\u0430\u0434\u0430\u0447\u0443 \u0438\u0441\u043f\u043e\u043b\u043d\u044f\u0435\u043c\u0443\u044e \u043f\u0440\u0438 \u043f\u0435\u0440\u0435\u0445\u043e\u0434\u0435.\r\n## \u0424\u0443\u043d\u043a\u0446\u0438\u044f \u0434\u043e\u043b\u0436\u043d\u0430 \u0432\u0435\u0440\u043d\u0443\u0442\u044c \u0418\u0441\u0442\u0438\u043d\u0443, \u0432 \u0441\u043b\u0443\u0447\u0430\u0435 \u0443\u0434\u0430\u0447\u043d\u043e\u0433\u043e \u0437\u0430\u0432\u0435\u0440\u0448\u0435\u043d\u0438\u044f, \u0438\u043b\u0438 \u041b\u043e\u0436\u044c -  \u0432 \u0438\u043d\u043e\u043c \u0441\u043b\u0443\u0447\u0430\u0435\r\n## \u0424\u0443\u043d\u043a\u0446\u0438\u044f \u043f\u043e\u043b\u0443\u0447\u0430\u0435\u0442 \u0432 \u043a\u0430\u0447\u0435\u0441\u0442\u0432\u0435 \u043f\u0430\u0440\u0430\u043c\u0435\u0442\u0440\u043e\u0432 \u0441\u043e\u0441\u0442\u043e\u044f\u043d\u0438\u0435-\u0438\u0441\u0442\u043e\u0447\u043d\u0438\u043a, \u0441\u043e\u0441\u0442\u043e\u044f\u043d\u0438\u0435-\u043f\u043e\u043b\u0443\u0447\u0430\u0442\u0435\u043b\u044c \u0438 \u0441\u0441\u044b\u043b\u043a\u0443 \u043d\u0430 \u044d\u0435\u0437\u0435\u043c\u043f\u043b\u044f\u0440 \u0411\u041f\r\ndef handler(from_state, to_state, workflow_instance):\r\n    from elastic.stock.models import Consignment\r\n    if workflow_instance.doc_object and type(workflow_instance.doc_object) is Consignment:\r\n        workflow_instance.doc_object.hold_at_transit_register()\r\n        return True\r\n    return False\r\n",
        "to_state": 5,
        "weight": 5,
        "condition_script": "############# \u0423\u0441\u043b\u043e\u0432\u0438\u0435 \u0440\u0435\u0431\u0440\u0430\r\n## \u042d\u0442\u0430 \u0444\u0443\u043d\u043a\u0446\u0438\u044f \u0434\u043e\u043b\u0436\u043d\u0430 \u0432\u0435\u0440\u043d\u0443\u0442\u044c \u0418\u0441\u0442\u0438\u043d\u0443 \u0435\u0441\u043b\u0438 \u043f\u0435\u0440\u0435\u0445\u043e\u0434 \u043f\u043e \u0440\u0435\u0431\u0440\u0443 \u0434\u043e\u043f\u0443\u0441\u0442\u0438\u043c, \u0438\u043b\u0438 \u041b\u043e\u0436\u044c - \u0432 \u0438\u043d\u043e\u043c \u0441\u043b\u0443\u0447\u0430\u0435\r\n## \u0424\u0443\u043d\u043a\u0446\u0438\u044f \u043f\u043e\u043b\u0443\u0447\u0430\u0435\u0442 \u0432 \u043a\u0430\u0447\u0435\u0441\u0442\u0432\u0435 \u043f\u0430\u0440\u0430\u043c\u0435\u0442\u0440\u043e\u0432 \u0441\u043e\u0441\u0442\u043e\u044f\u043d\u0438\u0435-\u0438\u0441\u0442\u043e\u0447\u043d\u0438\u043a, \u0441\u043e\u0441\u0442\u043e\u044f\u043d\u0438\u0435-\u043f\u043e\u043b\u0443\u0447\u0430\u0442\u0435\u043b\u044c \u0438 \u0441\u0441\u044b\u043b\u043a\u0443 \u043d\u0430 \u044d\u0435\u0437\u0435\u043c\u043f\u043b\u044f\u0440 \u0411\u041f\r\ndef handler(from_state, to_state, workflow_instance):\r\n    from elastic.stock.models import Consignment\r\n    if workflow_instance.doc_object and type(workflow_instance.doc_object) is Consignment:\r\n        return workflow_instance.doc_object.planned_date != None\r\n    return False"
    },
    "model": "workflow.transition",
    "pk": 5
},
{
    "fields": {
        "from_state": 5,
        "task_script": "############# \u0417\u0430\u0434\u0430\u0447\u0430 \u0438\u0441\u043f\u043e\u043b\u043d\u044f\u0435\u043c\u0430\u044f \u043f\u0440\u0438 \u043f\u0435\u0440\u0435\u0445\u043e\u0434\u0435\r\n## \u042d\u0442\u0430 \u0444\u0443\u043d\u043a\u0446\u0438\u044f \u0441\u043e\u0434\u0435\u0440\u0436\u0438\u0442 \u043f\u0440\u043e\u0438\u0437\u0432\u043e\u043b\u044c\u043d\u044b\u0439 \u043a\u043e\u0434-\u0437\u0430\u0434\u0430\u0447\u0443 \u0438\u0441\u043f\u043e\u043b\u043d\u044f\u0435\u043c\u0443\u044e \u043f\u0440\u0438 \u043f\u0435\u0440\u0435\u0445\u043e\u0434\u0435.\r\n## \u0424\u0443\u043d\u043a\u0446\u0438\u044f \u0434\u043e\u043b\u0436\u043d\u0430 \u0432\u0435\u0440\u043d\u0443\u0442\u044c \u0418\u0441\u0442\u0438\u043d\u0443, \u0432 \u0441\u043b\u0443\u0447\u0430\u0435 \u0443\u0434\u0430\u0447\u043d\u043e\u0433\u043e \u0437\u0430\u0432\u0435\u0440\u0448\u0435\u043d\u0438\u044f, \u0438\u043b\u0438 \u041b\u043e\u0436\u044c -  \u0432 \u0438\u043d\u043e\u043c \u0441\u043b\u0443\u0447\u0430\u0435\r\n## \u0424\u0443\u043d\u043a\u0446\u0438\u044f \u043f\u043e\u043b\u0443\u0447\u0430\u0435\u0442 \u0432 \u043a\u0430\u0447\u0435\u0441\u0442\u0432\u0435 \u043f\u0430\u0440\u0430\u043c\u0435\u0442\u0440\u043e\u0432 \u0441\u043e\u0441\u0442\u043e\u044f\u043d\u0438\u0435-\u0438\u0441\u0442\u043e\u0447\u043d\u0438\u043a, \u0441\u043e\u0441\u0442\u043e\u044f\u043d\u0438\u0435-\u043f\u043e\u043b\u0443\u0447\u0430\u0442\u0435\u043b\u044c \u0438 \u0441\u0441\u044b\u043b\u043a\u0443 \u043d\u0430 \u044d\u0435\u0437\u0435\u043c\u043f\u043b\u044f\u0440 \u0411\u041f\r\ndef handler(from_state, to_state, workflow_instance):\r\n    from elastic.stock.models import Consignment\r\n    if workflow_instance.doc_object and type(workflow_instance.doc_object) is Consignment:\r\n        workflow_instance.doc_object.fixed()\r\n        return True\r\n    return False\r\n",
        "to_state": 3,
        "weight": 10,
        "condition_script": "############# \u0423\u0441\u043b\u043e\u0432\u0438\u0435 \u0440\u0435\u0431\u0440\u0430\r\n## \u042d\u0442\u0430 \u0444\u0443\u043d\u043a\u0446\u0438\u044f \u0434\u043e\u043b\u0436\u043d\u0430 \u0432\u0435\u0440\u043d\u0443\u0442\u044c \u0418\u0441\u0442\u0438\u043d\u0443 \u0435\u0441\u043b\u0438 \u043f\u0435\u0440\u0435\u0445\u043e\u0434 \u043f\u043e \u0440\u0435\u0431\u0440\u0443 \u0434\u043e\u043f\u0443\u0441\u0442\u0438\u043c, \u0438\u043b\u0438 \u041b\u043e\u0436\u044c - \u0432 \u0438\u043d\u043e\u043c \u0441\u043b\u0443\u0447\u0430\u0435\r\n## \u0424\u0443\u043d\u043a\u0446\u0438\u044f \u043f\u043e\u043b\u0443\u0447\u0430\u0435\u0442 \u0432 \u043a\u0430\u0447\u0435\u0441\u0442\u0432\u0435 \u043f\u0430\u0440\u0430\u043c\u0435\u0442\u0440\u043e\u0432 \u0441\u043e\u0441\u0442\u043e\u044f\u043d\u0438\u0435-\u0438\u0441\u0442\u043e\u0447\u043d\u0438\u043a, \u0441\u043e\u0441\u0442\u043e\u044f\u043d\u0438\u0435-\u043f\u043e\u043b\u0443\u0447\u0430\u0442\u0435\u043b\u044c \u0438 \u0441\u0441\u044b\u043b\u043a\u0443 \u043d\u0430 \u044d\u0435\u0437\u0435\u043c\u043f\u043b\u044f\u0440 \u0411\u041f\r\ndef handler(from_state, to_state, workflow_instance):\r\n    from elastic.stock.models import Consignment\r\n    if workflow_instance.doc_object and type(workflow_instance.doc_object) is Consignment:\r\n        return workflow_instance.doc_object.effective_date != None\r\n    return False"
    },
    "model": "workflow.transition",
    "pk": 6
},
{
    "fields": {
        "from_state": 5,
        "task_script": "############# \u0417\u0430\u0434\u0430\u0447\u0430 \u0438\u0441\u043f\u043e\u043b\u043d\u044f\u0435\u043c\u0430\u044f \u043f\u0440\u0438 \u043f\u0435\u0440\u0435\u0445\u043e\u0434\u0435\r\n## \u042d\u0442\u0430 \u0444\u0443\u043d\u043a\u0446\u0438\u044f \u0441\u043e\u0434\u0435\u0440\u0436\u0438\u0442 \u043f\u0440\u043e\u0438\u0437\u0432\u043e\u043b\u044c\u043d\u044b\u0439 \u043a\u043e\u0434-\u0437\u0430\u0434\u0430\u0447\u0443 \u0438\u0441\u043f\u043e\u043b\u043d\u044f\u0435\u043c\u0443\u044e \u043f\u0440\u0438 \u043f\u0435\u0440\u0435\u0445\u043e\u0434\u0435.\r\n## \u0424\u0443\u043d\u043a\u0446\u0438\u044f \u0434\u043e\u043b\u0436\u043d\u0430 \u0432\u0435\u0440\u043d\u0443\u0442\u044c \u0418\u0441\u0442\u0438\u043d\u0443, \u0432 \u0441\u043b\u0443\u0447\u0430\u0435 \u0443\u0434\u0430\u0447\u043d\u043e\u0433\u043e \u0437\u0430\u0432\u0435\u0440\u0448\u0435\u043d\u0438\u044f, \u0438\u043b\u0438 \u041b\u043e\u0436\u044c -  \u0432 \u0438\u043d\u043e\u043c \u0441\u043b\u0443\u0447\u0430\u0435\r\n## \u0424\u0443\u043d\u043a\u0446\u0438\u044f \u043f\u043e\u043b\u0443\u0447\u0430\u0435\u0442 \u0432 \u043a\u0430\u0447\u0435\u0441\u0442\u0432\u0435 \u043f\u0430\u0440\u0430\u043c\u0435\u0442\u0440\u043e\u0432 \u0441\u043e\u0441\u0442\u043e\u044f\u043d\u0438\u0435-\u0438\u0441\u0442\u043e\u0447\u043d\u0438\u043a, \u0441\u043e\u0441\u0442\u043e\u044f\u043d\u0438\u0435-\u043f\u043e\u043b\u0443\u0447\u0430\u0442\u0435\u043b\u044c \u0438 \u0441\u0441\u044b\u043b\u043a\u0443 \u043d\u0430 \u044d\u0435\u0437\u0435\u043c\u043f\u043b\u044f\u0440 \u0411\u041f\r\ndef handler(from_state, to_state, workflow_instance):\r\n    from elastic.stock.models import Consignment\r\n    if workflow_instance.doc_object and type(workflow_instance.doc_object) is Consignment:\r\n        workflow_instance.doc_object.unhold_at_transit_register()\r\n        return True\r\n    return False\r\n",
        "to_state": 2,
        "weight": 10,
        "condition_script": "############# \u0423\u0441\u043b\u043e\u0432\u0438\u0435 \u0440\u0435\u0431\u0440\u0430\r\n## \u042d\u0442\u0430 \u0444\u0443\u043d\u043a\u0446\u0438\u044f \u0434\u043e\u043b\u0436\u043d\u0430 \u0432\u0435\u0440\u043d\u0443\u0442\u044c \u0418\u0441\u0442\u0438\u043d\u0443 \u0435\u0441\u043b\u0438 \u043f\u0435\u0440\u0435\u0445\u043e\u0434 \u043f\u043e \u0440\u0435\u0431\u0440\u0443 \u0434\u043e\u043f\u0443\u0441\u0442\u0438\u043c, \u0438\u043b\u0438 \u041b\u043e\u0436\u044c - \u0432 \u0438\u043d\u043e\u043c \u0441\u043b\u0443\u0447\u0430\u0435\r\n## \u0424\u0443\u043d\u043a\u0446\u0438\u044f \u043f\u043e\u043b\u0443\u0447\u0430\u0435\u0442 \u0432 \u043a\u0430\u0447\u0435\u0441\u0442\u0432\u0435 \u043f\u0430\u0440\u0430\u043c\u0435\u0442\u0440\u043e\u0432 \u0441\u043e\u0441\u0442\u043e\u044f\u043d\u0438\u0435-\u0438\u0441\u0442\u043e\u0447\u043d\u0438\u043a, \u0441\u043e\u0441\u0442\u043e\u044f\u043d\u0438\u0435-\u043f\u043e\u043b\u0443\u0447\u0430\u0442\u0435\u043b\u044c \u0438 \u0441\u0441\u044b\u043b\u043a\u0443 \u043d\u0430 \u044d\u0435\u0437\u0435\u043c\u043f\u043b\u044f\u0440 \u0411\u041f\r\ndef handler(from_state, to_state, workflow_instance):\r\n    from elastic.stock.models import Consignment\r\n    if workflow_instance.doc_object and type(workflow_instance.doc_object) is Consignment:\r\n        return getattr(workflow_instance.doc_object, 'planned_date', None) == None\r\n    return False\r\n\r\n"
    },
    "model": "workflow.transition",
    "pk": 7
},
{
    "fields": {
        "from_state": 3,
        "task_script": "############# \u0417\u0430\u0434\u0430\u0447\u0430 \u0438\u0441\u043f\u043e\u043b\u043d\u044f\u0435\u043c\u0430\u044f \u043f\u0440\u0438 \u043f\u0435\u0440\u0435\u0445\u043e\u0434\u0435\r\n## \u042d\u0442\u0430 \u0444\u0443\u043d\u043a\u0446\u0438\u044f \u0441\u043e\u0434\u0435\u0440\u0436\u0438\u0442 \u043f\u0440\u043e\u0438\u0437\u0432\u043e\u043b\u044c\u043d\u044b\u0439 \u043a\u043e\u0434-\u0437\u0430\u0434\u0430\u0447\u0443 \u0438\u0441\u043f\u043e\u043b\u043d\u044f\u0435\u043c\u0443\u044e \u043f\u0440\u0438 \u043f\u0435\u0440\u0435\u0445\u043e\u0434\u0435.\r\n## \u0424\u0443\u043d\u043a\u0446\u0438\u044f \u0434\u043e\u043b\u0436\u043d\u0430 \u0432\u0435\u0440\u043d\u0443\u0442\u044c \u0418\u0441\u0442\u0438\u043d\u0443, \u0432 \u0441\u043b\u0443\u0447\u0430\u0435 \u0443\u0434\u0430\u0447\u043d\u043e\u0433\u043e \u0437\u0430\u0432\u0435\u0440\u0448\u0435\u043d\u0438\u044f, \u0438\u043b\u0438 \u041b\u043e\u0436\u044c -  \u0432 \u0438\u043d\u043e\u043c \u0441\u043b\u0443\u0447\u0430\u0435\r\n## \u0424\u0443\u043d\u043a\u0446\u0438\u044f \u043f\u043e\u043b\u0443\u0447\u0430\u0435\u0442 \u0432 \u043a\u0430\u0447\u0435\u0441\u0442\u0432\u0435 \u043f\u0430\u0440\u0430\u043c\u0435\u0442\u0440\u043e\u0432 \u0441\u043e\u0441\u0442\u043e\u044f\u043d\u0438\u0435-\u0438\u0441\u0442\u043e\u0447\u043d\u0438\u043a, \u0441\u043e\u0441\u0442\u043e\u044f\u043d\u0438\u0435-\u043f\u043e\u043b\u0443\u0447\u0430\u0442\u0435\u043b\u044c \u0438 \u0441\u0441\u044b\u043b\u043a\u0443 \u043d\u0430 \u044d\u0435\u0437\u0435\u043c\u043f\u043b\u044f\u0440 \u0411\u041f\r\ndef handler(from_state, to_state, workflow_instance):\r\n    from elastic.stock.models import Consignment\r\n    if workflow_instance.doc_object and type(workflow_instance.doc_object) is Consignment:\r\n        # workflow_instance.doc_object.unfixed()\r\n        # workflow_instance.doc_object.hold_at_transit_register()\r\n        return True\r\n    return False\r\n",
        "to_state": 5,
        "weight": 5,
        "condition_script": "############# \u0423\u0441\u043b\u043e\u0432\u0438\u0435 \u0440\u0435\u0431\u0440\u0430\r\n## \u042d\u0442\u0430 \u0444\u0443\u043d\u043a\u0446\u0438\u044f \u0434\u043e\u043b\u0436\u043d\u0430 \u0432\u0435\u0440\u043d\u0443\u0442\u044c \u0418\u0441\u0442\u0438\u043d\u0443 \u0435\u0441\u043b\u0438 \u043f\u0435\u0440\u0435\u0445\u043e\u0434 \u043f\u043e \u0440\u0435\u0431\u0440\u0443 \u0434\u043e\u043f\u0443\u0441\u0442\u0438\u043c, \u0438\u043b\u0438 \u041b\u043e\u0436\u044c - \u0432 \u0438\u043d\u043e\u043c \u0441\u043b\u0443\u0447\u0430\u0435\r\n## \u0424\u0443\u043d\u043a\u0446\u0438\u044f \u043f\u043e\u043b\u0443\u0447\u0430\u0435\u0442 \u0432 \u043a\u0430\u0447\u0435\u0441\u0442\u0432\u0435 \u043f\u0430\u0440\u0430\u043c\u0435\u0442\u0440\u043e\u0432 \u0441\u043e\u0441\u0442\u043e\u044f\u043d\u0438\u0435-\u0438\u0441\u0442\u043e\u0447\u043d\u0438\u043a, \u0441\u043e\u0441\u0442\u043e\u044f\u043d\u0438\u0435-\u043f\u043e\u043b\u0443\u0447\u0430\u0442\u0435\u043b\u044c \u0438 \u0441\u0441\u044b\u043b\u043a\u0443 \u043d\u0430 \u044d\u0435\u0437\u0435\u043c\u043f\u043b\u044f\u0440 \u0411\u041f\r\ndef handler(from_state, to_state, workflow_instance):\r\n    from elastic.stock.models import Consignment\r\n    if workflow_instance.doc_object and type(workflow_instance.doc_object) is Consignment:\r\n        return getattr(workflow_instance.doc_object, 'effective_date', None) == None and \\\r\n            getattr(workflow_instance.doc_object, 'planned_date', None) != None\r\n    return False\r\n"
    },
    "model": "workflow.transition",
    "pk": 8
},
{
    "fields": {
        "from_state": 4,
        "task_script": "############# \u0417\u0430\u0434\u0430\u0447\u0430 \u0438\u0441\u043f\u043e\u043b\u043d\u044f\u0435\u043c\u0430\u044f \u043f\u0440\u0438 \u043f\u0435\u0440\u0435\u0445\u043e\u0434\u0435\r\n## \u042d\u0442\u0430 \u0444\u0443\u043d\u043a\u0446\u0438\u044f \u0441\u043e\u0434\u0435\u0440\u0436\u0438\u0442 \u043f\u0440\u043e\u0438\u0437\u0432\u043e\u043b\u044c\u043d\u044b\u0439 \u043a\u043e\u0434-\u0437\u0430\u0434\u0430\u0447\u0443 \u0438\u0441\u043f\u043e\u043b\u043d\u044f\u0435\u043c\u0443\u044e \u043f\u0440\u0438 \u043f\u0435\u0440\u0435\u0445\u043e\u0434\u0435.\r\n## \u0424\u0443\u043d\u043a\u0446\u0438\u044f \u0434\u043e\u043b\u0436\u043d\u0430 \u0432\u0435\u0440\u043d\u0443\u0442\u044c \u0418\u0441\u0442\u0438\u043d\u0443, \u0432 \u0441\u043b\u0443\u0447\u0430\u0435 \u0443\u0434\u0430\u0447\u043d\u043e\u0433\u043e \u0437\u0430\u0432\u0435\u0440\u0448\u0435\u043d\u0438\u044f, \u0438\u043b\u0438 \u041b\u043e\u0436\u044c -  \u0432 \u0438\u043d\u043e\u043c \u0441\u043b\u0443\u0447\u0430\u0435\r\n## \u0424\u0443\u043d\u043a\u0446\u0438\u044f \u043f\u043e\u043b\u0443\u0447\u0430\u0435\u0442 \u0432 \u043a\u0430\u0447\u0435\u0441\u0442\u0432\u0435 \u043f\u0430\u0440\u0430\u043c\u0435\u0442\u0440\u043e\u0432 \u0441\u043e\u0441\u0442\u043e\u044f\u043d\u0438\u0435-\u0438\u0441\u0442\u043e\u0447\u043d\u0438\u043a, \u0441\u043e\u0441\u0442\u043e\u044f\u043d\u0438\u0435-\u043f\u043e\u043b\u0443\u0447\u0430\u0442\u0435\u043b\u044c \u0438 \u0441\u0441\u044b\u043b\u043a\u0443 \u043d\u0430 \u044d\u0435\u0437\u0435\u043c\u043f\u043b\u044f\u0440 \u0411\u041f\r\ndef handler(from_state, to_state, workflow_instance):\r\n    from elastic.organization.models import Order\r\n    from elastic.organization import signals\r\n    if workflow_instance.doc_object and type(workflow_instance.doc_object) is Order:\r\n        workflow_instance.doc_object.add_reserve()\r\n        # workflow_instance.doc_object.accept_payment_in_bp()\r\n\r\n        # \u0417\u0430\u043f\u0440\u0430\u0448\u0438\u0432\u0430\u0435\u043c \u0440\u0435\u043f\u043b\u0438\u043a\u0430\u0446\u0438\u044e\r\n        signals.replication_request.send_robust(sender=workflow_instance.doc_object)\r\n        \r\n        return True\r\n    return False",
        "to_state": 6,
        "weight": 10,
        "condition_script": "############# \u0423\u0441\u043b\u043e\u0432\u0438\u0435 \u0440\u0435\u0431\u0440\u0430\r\n## \u042d\u0442\u0430 \u0444\u0443\u043d\u043a\u0446\u0438\u044f \u0434\u043e\u043b\u0436\u043d\u0430 \u0432\u0435\u0440\u043d\u0443\u0442\u044c \u0418\u0441\u0442\u0438\u043d\u0443 \u0435\u0441\u043b\u0438 \u043f\u0435\u0440\u0435\u0445\u043e\u0434 \u043f\u043e \u0440\u0435\u0431\u0440\u0443 \u0434\u043e\u043f\u0443\u0441\u0442\u0438\u043c, \u0438\u043b\u0438 \u041b\u043e\u0436\u044c - \u0432 \u0438\u043d\u043e\u043c \u0441\u043b\u0443\u0447\u0430\u0435\r\n## \u0424\u0443\u043d\u043a\u0446\u0438\u044f \u043f\u043e\u043b\u0443\u0447\u0430\u0435\u0442 \u0432 \u043a\u0430\u0447\u0435\u0441\u0442\u0432\u0435 \u043f\u0430\u0440\u0430\u043c\u0435\u0442\u0440\u043e\u0432 \u0441\u043e\u0441\u0442\u043e\u044f\u043d\u0438\u0435-\u0438\u0441\u0442\u043e\u0447\u043d\u0438\u043a, \u0441\u043e\u0441\u0442\u043e\u044f\u043d\u0438\u0435-\u043f\u043e\u043b\u0443\u0447\u0430\u0442\u0435\u043b\u044c \u0438 \u0441\u0441\u044b\u043b\u043a\u0443 \u043d\u0430 \u044d\u0435\u0437\u0435\u043c\u043f\u043b\u044f\u0440 \u0411\u041f\r\ndef handler(from_state, to_state, workflow_instance):\r\n    from elastic.organization.models import Order\r\n    if workflow_instance.doc_object and type(workflow_instance.doc_object) is  Order:\r\n        return getattr(workflow_instance.doc_object, 'effective_date', None) != None\r\n    return False\r\n"
    },
    "model": "workflow.transition",
    "pk": 9
},
{
    "fields": {
        "from_state": 6,
        "task_script": "############# \u0417\u0430\u0434\u0430\u0447\u0430 \u0438\u0441\u043f\u043e\u043b\u043d\u044f\u0435\u043c\u0430\u044f \u043f\u0440\u0438 \u043f\u0435\u0440\u0435\u0445\u043e\u0434\u0435\r\n## \u042d\u0442\u0430 \u0444\u0443\u043d\u043a\u0446\u0438\u044f \u0441\u043e\u0434\u0435\u0440\u0436\u0438\u0442 \u043f\u0440\u043e\u0438\u0437\u0432\u043e\u043b\u044c\u043d\u044b\u0439 \u043a\u043e\u0434-\u0437\u0430\u0434\u0430\u0447\u0443 \u0438\u0441\u043f\u043e\u043b\u043d\u044f\u0435\u043c\u0443\u044e \u043f\u0440\u0438 \u043f\u0435\u0440\u0435\u0445\u043e\u0434\u0435.\r\n## \u0424\u0443\u043d\u043a\u0446\u0438\u044f \u0434\u043e\u043b\u0436\u043d\u0430 \u0432\u0435\u0440\u043d\u0443\u0442\u044c \u0418\u0441\u0442\u0438\u043d\u0443, \u0432 \u0441\u043b\u0443\u0447\u0430\u0435 \u0443\u0434\u0430\u0447\u043d\u043e\u0433\u043e \u0437\u0430\u0432\u0435\u0440\u0448\u0435\u043d\u0438\u044f, \u0438\u043b\u0438 \u041b\u043e\u0436\u044c -  \u0432 \u0438\u043d\u043e\u043c \u0441\u043b\u0443\u0447\u0430\u0435\r\n## \u0424\u0443\u043d\u043a\u0446\u0438\u044f \u043f\u043e\u043b\u0443\u0447\u0430\u0435\u0442 \u0432 \u043a\u0430\u0447\u0435\u0441\u0442\u0432\u0435 \u043f\u0430\u0440\u0430\u043c\u0435\u0442\u0440\u043e\u0432 \u0441\u043e\u0441\u0442\u043e\u044f\u043d\u0438\u0435-\u0438\u0441\u0442\u043e\u0447\u043d\u0438\u043a, \u0441\u043e\u0441\u0442\u043e\u044f\u043d\u0438\u0435-\u043f\u043e\u043b\u0443\u0447\u0430\u0442\u0435\u043b\u044c \u0438 \u0441\u0441\u044b\u043b\u043a\u0443 \u043d\u0430 \u044d\u0435\u0437\u0435\u043c\u043f\u043b\u044f\u0440 \u0411\u041f\r\ndef handler(from_state, to_state, workflow_instance):\r\n    from elastic.organization.models import Order\r\n    from elastic.organization import signals\r\n    if workflow_instance.doc_object and type(workflow_instance.doc_object) is  Order:\r\n        if workflow_instance.doc_object.is_original():\r\n        # TODO: \u0423\u0432\u0435\u0434\u043e\u043c\u0438\u0442\u044c \u043f\u043e\u043a\u0443\u043f\u0430\u0442\u0435\u043b\u044f\r\n\r\n        # \u0417\u0430\u043f\u0440\u0430\u0448\u0438\u0432\u0430\u0435\u043c \u0440\u0435\u043f\u043b\u0438\u043a\u0430\u0446\u0438\u044e\r\n        signals.replication_request.send_robust(sender=workflow_instance.doc_object)\r\n    return True\r\n",
        "to_state": 8,
        "weight": 5,
        "condition_script": "############# \u0423\u0441\u043b\u043e\u0432\u0438\u0435 \u0440\u0435\u0431\u0440\u0430\r\n## \u042d\u0442\u0430 \u0444\u0443\u043d\u043a\u0446\u0438\u044f \u0434\u043e\u043b\u0436\u043d\u0430 \u0432\u0435\u0440\u043d\u0443\u0442\u044c \u0418\u0441\u0442\u0438\u043d\u0443 \u0435\u0441\u043b\u0438 \u043f\u0435\u0440\u0435\u0445\u043e\u0434 \u043f\u043e \u0440\u0435\u0431\u0440\u0443 \u0434\u043e\u043f\u0443\u0441\u0442\u0438\u043c, \u0438\u043b\u0438 \u041b\u043e\u0436\u044c - \u0432 \u0438\u043d\u043e\u043c \u0441\u043b\u0443\u0447\u0430\u0435\r\n## \u0424\u0443\u043d\u043a\u0446\u0438\u044f \u043f\u043e\u043b\u0443\u0447\u0430\u0435\u0442 \u0432 \u043a\u0430\u0447\u0435\u0441\u0442\u0432\u0435 \u043f\u0430\u0440\u0430\u043c\u0435\u0442\u0440\u043e\u0432 \u0441\u043e\u0441\u0442\u043e\u044f\u043d\u0438\u0435-\u0438\u0441\u0442\u043e\u0447\u043d\u0438\u043a, \u0441\u043e\u0441\u0442\u043e\u044f\u043d\u0438\u0435-\u043f\u043e\u043b\u0443\u0447\u0430\u0442\u0435\u043b\u044c \u0438 \u0441\u0441\u044b\u043b\u043a\u0443 \u043d\u0430 \u044d\u0435\u0437\u0435\u043c\u043f\u043b\u044f\u0440 \u0411\u041f\r\ndef handler(from_state, to_state, workflow_instance):\r\n    from elastic.organization.models import Order\r\n    if workflow_instance.doc_object and type(workflow_instance.doc_object) is  Order:\r\n        return getattr(workflow_instance.doc_object, 'build_date', None) != None and \\\r\n        workflow_instance.doc_object.is_succeeded_build() == True\r\n    return False\r\n"
    },
    "model": "workflow.transition",
    "pk": 10
},
{
    "fields": {
        "from_state": 6,
        "task_script": "############# \u0417\u0430\u0434\u0430\u0447\u0430 \u0438\u0441\u043f\u043e\u043b\u043d\u044f\u0435\u043c\u0430\u044f \u043f\u0440\u0438 \u043f\u0435\u0440\u0435\u0445\u043e\u0434\u0435\r\n## \u042d\u0442\u0430 \u0444\u0443\u043d\u043a\u0446\u0438\u044f \u0441\u043e\u0434\u0435\u0440\u0436\u0438\u0442 \u043f\u0440\u043e\u0438\u0437\u0432\u043e\u043b\u044c\u043d\u044b\u0439 \u043a\u043e\u0434-\u0437\u0430\u0434\u0430\u0447\u0443 \u0438\u0441\u043f\u043e\u043b\u043d\u044f\u0435\u043c\u0443\u044e \u043f\u0440\u0438 \u043f\u0435\u0440\u0435\u0445\u043e\u0434\u0435.\r\n## \u0424\u0443\u043d\u043a\u0446\u0438\u044f \u0434\u043e\u043b\u0436\u043d\u0430 \u0432\u0435\u0440\u043d\u0443\u0442\u044c \u0418\u0441\u0442\u0438\u043d\u0443, \u0432 \u0441\u043b\u0443\u0447\u0430\u0435 \u0443\u0434\u0430\u0447\u043d\u043e\u0433\u043e \u0437\u0430\u0432\u0435\u0440\u0448\u0435\u043d\u0438\u044f, \u0438\u043b\u0438 \u041b\u043e\u0436\u044c -  \u0432 \u0438\u043d\u043e\u043c \u0441\u043b\u0443\u0447\u0430\u0435\r\n## \u0424\u0443\u043d\u043a\u0446\u0438\u044f \u043f\u043e\u043b\u0443\u0447\u0430\u0435\u0442 \u0432 \u043a\u0430\u0447\u0435\u0441\u0442\u0432\u0435 \u043f\u0430\u0440\u0430\u043c\u0435\u0442\u0440\u043e\u0432 \u0441\u043e\u0441\u0442\u043e\u044f\u043d\u0438\u0435-\u0438\u0441\u0442\u043e\u0447\u043d\u0438\u043a, \u0441\u043e\u0441\u0442\u043e\u044f\u043d\u0438\u0435-\u043f\u043e\u043b\u0443\u0447\u0430\u0442\u0435\u043b\u044c \u0438 \u0441\u0441\u044b\u043b\u043a\u0443 \u043d\u0430 \u044d\u0435\u0437\u0435\u043c\u043f\u043b\u044f\u0440 \u0411\u041f\r\ndef handler(from_state, to_state, workflow_instance):\r\n    from elastic.organization.models import Order\r\n    from elastic.organization import signals\r\n    if workflow_instance.doc_object and type(workflow_instance.doc_object) is  Order:\r\n        if workflow_instance.doc_object.is_original():\r\n        # TODO: \u0423\u0432\u0435\u0434\u043e\u043c\u0438\u0442\u044c \u0441\u043b\u0443\u0436\u0431\u0443 \u043f\u043e\u0434\u0434\u0435\u0440\u0436\u043a\u0438\r\n\r\n        # \u0417\u0430\u043f\u0440\u0430\u0448\u0438\u0432\u0430\u0435\u043c \u0440\u0435\u043f\u043b\u0438\u043a\u0430\u0446\u0438\u044e\r\n        signals.replication_request.send_robust(sender=workflow_instance.doc_object)\r\n    return True\r\n",
        "to_state": 7,
        "weight": 10,
        "condition_script": "############# \u0423\u0441\u043b\u043e\u0432\u0438\u0435 \u0440\u0435\u0431\u0440\u0430\r\n## \u042d\u0442\u0430 \u0444\u0443\u043d\u043a\u0446\u0438\u044f \u0434\u043e\u043b\u0436\u043d\u0430 \u0432\u0435\u0440\u043d\u0443\u0442\u044c \u0418\u0441\u0442\u0438\u043d\u0443 \u0435\u0441\u043b\u0438 \u043f\u0435\u0440\u0435\u0445\u043e\u0434 \u043f\u043e \u0440\u0435\u0431\u0440\u0443 \u0434\u043e\u043f\u0443\u0441\u0442\u0438\u043c, \u0438\u043b\u0438 \u041b\u043e\u0436\u044c - \u0432 \u0438\u043d\u043e\u043c \u0441\u043b\u0443\u0447\u0430\u0435\r\n## \u0424\u0443\u043d\u043a\u0446\u0438\u044f \u043f\u043e\u043b\u0443\u0447\u0430\u0435\u0442 \u0432 \u043a\u0430\u0447\u0435\u0441\u0442\u0432\u0435 \u043f\u0430\u0440\u0430\u043c\u0435\u0442\u0440\u043e\u0432 \u0441\u043e\u0441\u0442\u043e\u044f\u043d\u0438\u0435-\u0438\u0441\u0442\u043e\u0447\u043d\u0438\u043a, \u0441\u043e\u0441\u0442\u043e\u044f\u043d\u0438\u0435-\u043f\u043e\u043b\u0443\u0447\u0430\u0442\u0435\u043b\u044c \u0438 \u0441\u0441\u044b\u043b\u043a\u0443 \u043d\u0430 \u044d\u0435\u0437\u0435\u043c\u043f\u043b\u044f\u0440 \u0411\u041f\r\ndef handler(from_state, to_state, workflow_instance):\r\n    from elastic.organization.models import Order\r\n    if workflow_instance.doc_object and type(workflow_instance.doc_object) is  Order:\r\n        return getattr(workflow_instance.doc_object, 'build_date', None) != None and \\\r\n        workflow_instance.doc_object.is_succeeded_build() == False\r\n    return False\r\n"
    },
    "model": "workflow.transition",
    "pk": 11
},
{
    "fields": {
        "from_state": 7,
        "task_script": "############# \u0417\u0430\u0434\u0430\u0447\u0430 \u0438\u0441\u043f\u043e\u043b\u043d\u044f\u0435\u043c\u0430\u044f \u043f\u0440\u0438 \u043f\u0435\u0440\u0435\u0445\u043e\u0434\u0435\r\n## \u042d\u0442\u0430 \u0444\u0443\u043d\u043a\u0446\u0438\u044f \u0441\u043e\u0434\u0435\u0440\u0436\u0438\u0442 \u043f\u0440\u043e\u0438\u0437\u0432\u043e\u043b\u044c\u043d\u044b\u0439 \u043a\u043e\u0434-\u0437\u0430\u0434\u0430\u0447\u0443 \u0438\u0441\u043f\u043e\u043b\u043d\u044f\u0435\u043c\u0443\u044e \u043f\u0440\u0438 \u043f\u0435\u0440\u0435\u0445\u043e\u0434\u0435.\r\n## \u0424\u0443\u043d\u043a\u0446\u0438\u044f \u0434\u043e\u043b\u0436\u043d\u0430 \u0432\u0435\u0440\u043d\u0443\u0442\u044c \u0418\u0441\u0442\u0438\u043d\u0443, \u0432 \u0441\u043b\u0443\u0447\u0430\u0435 \u0443\u0434\u0430\u0447\u043d\u043e\u0433\u043e \u0437\u0430\u0432\u0435\u0440\u0448\u0435\u043d\u0438\u044f, \u0438\u043b\u0438 \u041b\u043e\u0436\u044c -  \u0432 \u0438\u043d\u043e\u043c \u0441\u043b\u0443\u0447\u0430\u0435\r\n## \u0424\u0443\u043d\u043a\u0446\u0438\u044f \u043f\u043e\u043b\u0443\u0447\u0430\u0435\u0442 \u0432 \u043a\u0430\u0447\u0435\u0441\u0442\u0432\u0435 \u043f\u0430\u0440\u0430\u043c\u0435\u0442\u0440\u043e\u0432 \u0441\u043e\u0441\u0442\u043e\u044f\u043d\u0438\u0435-\u0438\u0441\u0442\u043e\u0447\u043d\u0438\u043a, \u0441\u043e\u0441\u0442\u043e\u044f\u043d\u0438\u0435-\u043f\u043e\u043b\u0443\u0447\u0430\u0442\u0435\u043b\u044c \u0438 \u0441\u0441\u044b\u043b\u043a\u0443 \u043d\u0430 \u044d\u0435\u0437\u0435\u043c\u043f\u043b\u044f\u0440 \u0411\u041f\r\ndef handler(from_state, to_state, workflow_instance):\r\n    from elastic.organization.models import Order\r\n    if workflow_instance.doc_object and type(workflow_instance.doc_object) is  Order:\r\n        # \u0421\u043d\u0438\u043c\u0430\u0435\u043c \u0440\u0435\u0437\u0435\u0440\u0432\u044b \u043f\u043e \u0437\u0430\u043a\u0430\u0437\u0443\r\n        workflow_instance.doc_object.remove_reserve()\r\n        \r\n        # \u0412\u043e\u0437\u0432\u0440\u0430\u0449\u0430\u0435\u043c \u0430\u0432\u0430\u043d\u043e\u0432\u044b\u0439 \u043f\u043b\u0430\u0442\u0435\u0436 \u0432 \u0431\u0430\u043b\u043b\u0430\u0445\r\n        workflow_instance.doc_object.cancel_payment_in_bp()\r\n    return True\r\n",
        "to_state": 9,
        "weight": 10,
        "condition_script": "############# \u0423\u0441\u043b\u043e\u0432\u0438\u0435 \u0440\u0435\u0431\u0440\u0430\r\n## \u042d\u0442\u0430 \u0444\u0443\u043d\u043a\u0446\u0438\u044f \u0434\u043e\u043b\u0436\u043d\u0430 \u0432\u0435\u0440\u043d\u0443\u0442\u044c \u0418\u0441\u0442\u0438\u043d\u0443 \u0435\u0441\u043b\u0438 \u043f\u0435\u0440\u0435\u0445\u043e\u0434 \u043f\u043e \u0440\u0435\u0431\u0440\u0443 \u0434\u043e\u043f\u0443\u0441\u0442\u0438\u043c, \u0438\u043b\u0438 \u041b\u043e\u0436\u044c - \u0432 \u0438\u043d\u043e\u043c \u0441\u043b\u0443\u0447\u0430\u0435\r\n## \u0424\u0443\u043d\u043a\u0446\u0438\u044f \u043f\u043e\u043b\u0443\u0447\u0430\u0435\u0442 \u0432 \u043a\u0430\u0447\u0435\u0441\u0442\u0432\u0435 \u043f\u0430\u0440\u0430\u043c\u0435\u0442\u0440\u043e\u0432 \u0441\u043e\u0441\u0442\u043e\u044f\u043d\u0438\u0435-\u0438\u0441\u0442\u043e\u0447\u043d\u0438\u043a, \u0441\u043e\u0441\u0442\u043e\u044f\u043d\u0438\u0435-\u043f\u043e\u043b\u0443\u0447\u0430\u0442\u0435\u043b\u044c \u0438 \u0441\u0441\u044b\u043b\u043a\u0443 \u043d\u0430 \u044d\u0435\u0437\u0435\u043c\u043f\u043b\u044f\u0440 \u0411\u041f\r\ndef handler(from_state, to_state, workflow_instance):\r\n    from elastic.organization.models import Order\r\n    from elastic.retail.models import Receipt\r\n    # \u0415\u0441\u043b\u0438 \u0435\u0441\u0442\u044c \u0434\u0430\u0442\u0430 \u0437\u0430\u0432\u0435\u0440\u0448\u0435\u043d\u0438\u044f, \u043d\u043e \u043d\u0435\u0442 \u0440\u043e\u0437\u043d\u0438\u0447\u043d\u043e\u0433\u043e \u0447\u0435\u043a\u0430 \u0437\u0430\u043a\u0440\u044b\u0432\u0430\u044e\u0449\u0435\u0433\u043e \u0437\u0430\u043a\u0430\u0437, \u0442\u043e \u0432\u0435\u0440\u043d\u0443\u0442\u044c \u0418\u0441\u0442\u0438\u043d\u0443\r\n    # \u0412 \u043f\u0440\u043e\u0442\u0438\u0432\u043d\u043e\u043c \u0441\u043b\u0443\u0447\u0430\u0435 \u0432\u0435\u0440\u043d\u0443\u0442\u044c \u041b\u043e\u0436\u044c\r\n    if workflow_instance.doc_object and type(workflow_instance.doc_object) is  Order:\r\n        return getattr(workflow_instance.doc_object, 'due_date', None) != None and \\\r\n        Receipt.objects.filter(reason=workflow_instance.doc_object.code).count() == 0\r\n    return False\r\n"
    },
    "model": "workflow.transition",
    "pk": 12
},
{
    "fields": {
        "from_state": 7,
        "task_script": "############# \u0417\u0430\u0434\u0430\u0447\u0430 \u0438\u0441\u043f\u043e\u043b\u043d\u044f\u0435\u043c\u0430\u044f \u043f\u0440\u0438 \u043f\u0435\u0440\u0435\u0445\u043e\u0434\u0435\r\n## \u042d\u0442\u0430 \u0444\u0443\u043d\u043a\u0446\u0438\u044f \u0441\u043e\u0434\u0435\u0440\u0436\u0438\u0442 \u043f\u0440\u043e\u0438\u0437\u0432\u043e\u043b\u044c\u043d\u044b\u0439 \u043a\u043e\u0434-\u0437\u0430\u0434\u0430\u0447\u0443 \u0438\u0441\u043f\u043e\u043b\u043d\u044f\u0435\u043c\u0443\u044e \u043f\u0440\u0438 \u043f\u0435\u0440\u0435\u0445\u043e\u0434\u0435.\r\n## \u0424\u0443\u043d\u043a\u0446\u0438\u044f \u0434\u043e\u043b\u0436\u043d\u0430 \u0432\u0435\u0440\u043d\u0443\u0442\u044c \u0418\u0441\u0442\u0438\u043d\u0443, \u0432 \u0441\u043b\u0443\u0447\u0430\u0435 \u0443\u0434\u0430\u0447\u043d\u043e\u0433\u043e \u0437\u0430\u0432\u0435\u0440\u0448\u0435\u043d\u0438\u044f, \u0438\u043b\u0438 \u041b\u043e\u0436\u044c -  \u0432 \u0438\u043d\u043e\u043c \u0441\u043b\u0443\u0447\u0430\u0435\r\n## \u0424\u0443\u043d\u043a\u0446\u0438\u044f \u043f\u043e\u043b\u0443\u0447\u0430\u0435\u0442 \u0432 \u043a\u0430\u0447\u0435\u0441\u0442\u0432\u0435 \u043f\u0430\u0440\u0430\u043c\u0435\u0442\u0440\u043e\u0432 \u0441\u043e\u0441\u0442\u043e\u044f\u043d\u0438\u0435-\u0438\u0441\u0442\u043e\u0447\u043d\u0438\u043a, \u0441\u043e\u0441\u0442\u043e\u044f\u043d\u0438\u0435-\u043f\u043e\u043b\u0443\u0447\u0430\u0442\u0435\u043b\u044c \u0438 \u0441\u0441\u044b\u043b\u043a\u0443 \u043d\u0430 \u044d\u0435\u0437\u0435\u043c\u043f\u043b\u044f\u0440 \u0411\u041f\r\ndef handler(from_state, to_state, workflow_instance):\r\n    from elastic.organization.models import Order\r\n    if workflow_instance.doc_object and type(workflow_instance.doc_object) is  Order:\r\n        if workflow_instance.doc_object.is_succeeded_build():\r\n            # TODO: \u041d\u0430\u0447\u0438\u0441\u043b\u0438\u0442\u044c \u0431\u0430\u043b\u043b\u044b\r\n        # \u0421\u043d\u0438\u043c\u0430\u0435\u043c \u0440\u0435\u0437\u0435\u0440\u0432\u044b \u043f\u043e \u0437\u0430\u043a\u0430\u0437\u0443\r\n        workflow_instance.doc_object.remove_reserve()\r\n    return True\r\n",
        "to_state": 10,
        "weight": 10,
        "condition_script": "############# \u0423\u0441\u043b\u043e\u0432\u0438\u0435 \u0440\u0435\u0431\u0440\u0430\r\n## \u042d\u0442\u0430 \u0444\u0443\u043d\u043a\u0446\u0438\u044f \u0434\u043e\u043b\u0436\u043d\u0430 \u0432\u0435\u0440\u043d\u0443\u0442\u044c \u0418\u0441\u0442\u0438\u043d\u0443 \u0435\u0441\u043b\u0438 \u043f\u0435\u0440\u0435\u0445\u043e\u0434 \u043f\u043e \u0440\u0435\u0431\u0440\u0443 \u0434\u043e\u043f\u0443\u0441\u0442\u0438\u043c, \u0438\u043b\u0438 \u041b\u043e\u0436\u044c - \u0432 \u0438\u043d\u043e\u043c \u0441\u043b\u0443\u0447\u0430\u0435\r\n## \u0424\u0443\u043d\u043a\u0446\u0438\u044f \u043f\u043e\u043b\u0443\u0447\u0430\u0435\u0442 \u0432 \u043a\u0430\u0447\u0435\u0441\u0442\u0432\u0435 \u043f\u0430\u0440\u0430\u043c\u0435\u0442\u0440\u043e\u0432 \u0441\u043e\u0441\u0442\u043e\u044f\u043d\u0438\u0435-\u0438\u0441\u0442\u043e\u0447\u043d\u0438\u043a, \u0441\u043e\u0441\u0442\u043e\u044f\u043d\u0438\u0435-\u043f\u043e\u043b\u0443\u0447\u0430\u0442\u0435\u043b\u044c \u0438 \u0441\u0441\u044b\u043b\u043a\u0443 \u043d\u0430 \u044d\u0435\u0437\u0435\u043c\u043f\u043b\u044f\u0440 \u0411\u041f\r\ndef handler(from_state, to_state, workflow_instance):\r\n    from elastic.organization.models import Order\r\n    from elastic.retail.models import Receipt\r\n    # \u0415\u0441\u043b\u0438 \u0435\u0441\u0442\u044c \u0434\u0430\u0442\u0430 \u0437\u0430\u0432\u0435\u0440\u0448\u0435\u043d\u0438\u044f \u0438 \u0438\u043c\u0435\u0435\u0442\u0441\u044f \u0440\u043e\u0437\u043d\u0438\u0447\u043d\u044b\u0439 \u0447\u0435\u043a \u0437\u0430\u043a\u0440\u044b\u0432\u0430\u044e\u0449\u0438\u0439 \u0437\u0430\u043a\u0430\u0437, \u0442\u043e \u0432\u0435\u0440\u043d\u0443\u0442\u044c \u0418\u0441\u0442\u0438\u043d\u0443\r\n    # \u0412 \u043f\u0440\u043e\u0442\u0438\u0432\u043d\u043e\u043c \u0441\u043b\u0443\u0447\u0430\u0435 \u0432\u0435\u0440\u043d\u0443\u0442\u044c \u041b\u043e\u0436\u044c\r\n    if workflow_instance.doc_object and type(workflow_instance.doc_object) is  Order:\r\n        return getattr(workflow_instance.doc_object, 'due_date', None) != None and \\\r\n        Receipt.objects.filter(reason=workflow_instance.doc_object.code).count() > 0\r\n    return False\r\n"
    },
    "model": "workflow.transition",
    "pk": 13
},
{
    "fields": {
        "from_state": 8,
        "task_script": "############# \u0417\u0430\u0434\u0430\u0447\u0430 \u0438\u0441\u043f\u043e\u043b\u043d\u044f\u0435\u043c\u0430\u044f \u043f\u0440\u0438 \u043f\u0435\u0440\u0435\u0445\u043e\u0434\u0435\r\n## \u042d\u0442\u0430 \u0444\u0443\u043d\u043a\u0446\u0438\u044f \u0441\u043e\u0434\u0435\u0440\u0436\u0438\u0442 \u043f\u0440\u043e\u0438\u0437\u0432\u043e\u043b\u044c\u043d\u044b\u0439 \u043a\u043e\u0434-\u0437\u0430\u0434\u0430\u0447\u0443 \u0438\u0441\u043f\u043e\u043b\u043d\u044f\u0435\u043c\u0443\u044e \u043f\u0440\u0438 \u043f\u0435\u0440\u0435\u0445\u043e\u0434\u0435.\r\n## \u0424\u0443\u043d\u043a\u0446\u0438\u044f \u0434\u043e\u043b\u0436\u043d\u0430 \u0432\u0435\u0440\u043d\u0443\u0442\u044c \u0418\u0441\u0442\u0438\u043d\u0443, \u0432 \u0441\u043b\u0443\u0447\u0430\u0435 \u0443\u0434\u0430\u0447\u043d\u043e\u0433\u043e \u0437\u0430\u0432\u0435\u0440\u0448\u0435\u043d\u0438\u044f, \u0438\u043b\u0438 \u041b\u043e\u0436\u044c -  \u0432 \u0438\u043d\u043e\u043c \u0441\u043b\u0443\u0447\u0430\u0435\r\n## \u0424\u0443\u043d\u043a\u0446\u0438\u044f \u043f\u043e\u043b\u0443\u0447\u0430\u0435\u0442 \u0432 \u043a\u0430\u0447\u0435\u0441\u0442\u0432\u0435 \u043f\u0430\u0440\u0430\u043c\u0435\u0442\u0440\u043e\u0432 \u0441\u043e\u0441\u0442\u043e\u044f\u043d\u0438\u0435-\u0438\u0441\u0442\u043e\u0447\u043d\u0438\u043a, \u0441\u043e\u0441\u0442\u043e\u044f\u043d\u0438\u0435-\u043f\u043e\u043b\u0443\u0447\u0430\u0442\u0435\u043b\u044c \u0438 \u0441\u0441\u044b\u043b\u043a\u0443 \u043d\u0430 \u044d\u0435\u0437\u0435\u043c\u043f\u043b\u044f\u0440 \u0411\u041f\r\ndef handler(from_state, to_state, workflow_instance):\r\n    from elastic.organization.models import Order\r\n    if workflow_instance.doc_object and type(workflow_instance.doc_object) is  Order:\r\n        if workflow_instance.doc_object.is_succeeded_build():\r\n            # \u041d\u0430\u0447\u0438\u0441\u043b\u044f\u0435\u043c \u0431\u0430\u043b\u043b\u044b\r\n            workflow_instance.doc_object.accrue_bp()\r\n        # \u0421\u043d\u0438\u043c\u0430\u0435\u043c \u0440\u0435\u0437\u0435\u0440\u0432\u044b \u043f\u043e \u0437\u0430\u043a\u0430\u0437\u0443\r\n        workflow_instance.doc_object.remove_reserve()\r\n    return True\r\n",
        "to_state": 10,
        "weight": 10,
        "condition_script": "############# \u0423\u0441\u043b\u043e\u0432\u0438\u0435 \u0440\u0435\u0431\u0440\u0430\r\n## \u042d\u0442\u0430 \u0444\u0443\u043d\u043a\u0446\u0438\u044f \u0434\u043e\u043b\u0436\u043d\u0430 \u0432\u0435\u0440\u043d\u0443\u0442\u044c \u0418\u0441\u0442\u0438\u043d\u0443 \u0435\u0441\u043b\u0438 \u043f\u0435\u0440\u0435\u0445\u043e\u0434 \u043f\u043e \u0440\u0435\u0431\u0440\u0443 \u0434\u043e\u043f\u0443\u0441\u0442\u0438\u043c, \u0438\u043b\u0438 \u041b\u043e\u0436\u044c - \u0432 \u0438\u043d\u043e\u043c \u0441\u043b\u0443\u0447\u0430\u0435\r\n## \u0424\u0443\u043d\u043a\u0446\u0438\u044f \u043f\u043e\u043b\u0443\u0447\u0430\u0435\u0442 \u0432 \u043a\u0430\u0447\u0435\u0441\u0442\u0432\u0435 \u043f\u0430\u0440\u0430\u043c\u0435\u0442\u0440\u043e\u0432 \u0441\u043e\u0441\u0442\u043e\u044f\u043d\u0438\u0435-\u0438\u0441\u0442\u043e\u0447\u043d\u0438\u043a, \u0441\u043e\u0441\u0442\u043e\u044f\u043d\u0438\u0435-\u043f\u043e\u043b\u0443\u0447\u0430\u0442\u0435\u043b\u044c \u0438 \u0441\u0441\u044b\u043b\u043a\u0443 \u043d\u0430 \u044d\u0435\u0437\u0435\u043c\u043f\u043b\u044f\u0440 \u0411\u041f\r\ndef handler(from_state, to_state, workflow_instance):\r\n    from elastic.organization.models import Order\r\n    from elastic.retail.models import Receipt\r\n    # \u0415\u0441\u043b\u0438 \u0435\u0441\u0442\u044c \u0434\u0430\u0442\u0430 \u0437\u0430\u0432\u0435\u0440\u0448\u0435\u043d\u0438\u044f \u0438 \u0438\u043c\u0435\u0435\u0442\u0441\u044f \u0440\u043e\u0437\u043d\u0438\u0447\u043d\u044b\u0439 \u0447\u0435\u043a \u0437\u0430\u043a\u0440\u044b\u0432\u0430\u044e\u0449\u0438\u0439 \u0437\u0430\u043a\u0430\u0437, \u0442\u043e \u0432\u0435\u0440\u043d\u0443\u0442\u044c \u0418\u0441\u0442\u0438\u043d\u0443\r\n    # \u0412 \u043f\u0440\u043e\u0442\u0438\u0432\u043d\u043e\u043c \u0441\u043b\u0443\u0447\u0430\u0435 \u0432\u0435\u0440\u043d\u0443\u0442\u044c \u041b\u043e\u0436\u044c\r\n    if workflow_instance.doc_object and type(workflow_instance.doc_object) is  Order:\r\n        return getattr(workflow_instance.doc_object, 'due_date', None) != None and \\\r\n        Receipt.objects.filter(reason=workflow_instance.doc_object.code).count() > 0\r\n    return False\r\n"
    },
    "model": "workflow.transition",
    "pk": 14
},
{
    "fields": {
        "from_state": 8,
        "task_script": "############# \u0417\u0430\u0434\u0430\u0447\u0430 \u0438\u0441\u043f\u043e\u043b\u043d\u044f\u0435\u043c\u0430\u044f \u043f\u0440\u0438 \u043f\u0435\u0440\u0435\u0445\u043e\u0434\u0435\r\n## \u042d\u0442\u0430 \u0444\u0443\u043d\u043a\u0446\u0438\u044f \u0441\u043e\u0434\u0435\u0440\u0436\u0438\u0442 \u043f\u0440\u043e\u0438\u0437\u0432\u043e\u043b\u044c\u043d\u044b\u0439 \u043a\u043e\u0434-\u0437\u0430\u0434\u0430\u0447\u0443 \u0438\u0441\u043f\u043e\u043b\u043d\u044f\u0435\u043c\u0443\u044e \u043f\u0440\u0438 \u043f\u0435\u0440\u0435\u0445\u043e\u0434\u0435.\r\n## \u0424\u0443\u043d\u043a\u0446\u0438\u044f \u0434\u043e\u043b\u0436\u043d\u0430 \u0432\u0435\u0440\u043d\u0443\u0442\u044c \u0418\u0441\u0442\u0438\u043d\u0443, \u0432 \u0441\u043b\u0443\u0447\u0430\u0435 \u0443\u0434\u0430\u0447\u043d\u043e\u0433\u043e \u0437\u0430\u0432\u0435\u0440\u0448\u0435\u043d\u0438\u044f, \u0438\u043b\u0438 \u041b\u043e\u0436\u044c -  \u0432 \u0438\u043d\u043e\u043c \u0441\u043b\u0443\u0447\u0430\u0435\r\n## \u0424\u0443\u043d\u043a\u0446\u0438\u044f \u043f\u043e\u043b\u0443\u0447\u0430\u0435\u0442 \u0432 \u043a\u0430\u0447\u0435\u0441\u0442\u0432\u0435 \u043f\u0430\u0440\u0430\u043c\u0435\u0442\u0440\u043e\u0432 \u0441\u043e\u0441\u0442\u043e\u044f\u043d\u0438\u0435-\u0438\u0441\u0442\u043e\u0447\u043d\u0438\u043a, \u0441\u043e\u0441\u0442\u043e\u044f\u043d\u0438\u0435-\u043f\u043e\u043b\u0443\u0447\u0430\u0442\u0435\u043b\u044c \u0438 \u0441\u0441\u044b\u043b\u043a\u0443 \u043d\u0430 \u044d\u0435\u0437\u0435\u043c\u043f\u043b\u044f\u0440 \u0411\u041f\r\ndef handler(from_state, to_state, workflow_instance):\r\n    from elastic.organization.models import Order\r\n    if workflow_instance.doc_object and type(workflow_instance.doc_object) is  Order:\r\n        # \u0421\u043d\u0438\u043c\u0430\u0435\u043c \u0440\u0435\u0437\u0435\u0440\u0432\u044b \u043f\u043e \u0437\u0430\u043a\u0430\u0437\u0443\r\n        workflow_instance.doc_object.remove_reserve()\r\n        \r\n        # \u0412\u043e\u0437\u0432\u0440\u0430\u0449\u0430\u0435\u043c \u0430\u0432\u0430\u043d\u043e\u0432\u044b\u0439 \u043f\u043b\u0430\u0442\u0435\u0436 \u0432 \u0431\u0430\u043b\u043b\u0430\u0445\r\n        workflow_instance.doc_object.cancel_payment_in_bp()\r\n    return True\r\n",
        "to_state": 9,
        "weight": 10,
        "condition_script": "############# \u0423\u0441\u043b\u043e\u0432\u0438\u0435 \u0440\u0435\u0431\u0440\u0430\r\n## \u042d\u0442\u0430 \u0444\u0443\u043d\u043a\u0446\u0438\u044f \u0434\u043e\u043b\u0436\u043d\u0430 \u0432\u0435\u0440\u043d\u0443\u0442\u044c \u0418\u0441\u0442\u0438\u043d\u0443 \u0435\u0441\u043b\u0438 \u043f\u0435\u0440\u0435\u0445\u043e\u0434 \u043f\u043e \u0440\u0435\u0431\u0440\u0443 \u0434\u043e\u043f\u0443\u0441\u0442\u0438\u043c, \u0438\u043b\u0438 \u041b\u043e\u0436\u044c - \u0432 \u0438\u043d\u043e\u043c \u0441\u043b\u0443\u0447\u0430\u0435\r\n## \u0424\u0443\u043d\u043a\u0446\u0438\u044f \u043f\u043e\u043b\u0443\u0447\u0430\u0435\u0442 \u0432 \u043a\u0430\u0447\u0435\u0441\u0442\u0432\u0435 \u043f\u0430\u0440\u0430\u043c\u0435\u0442\u0440\u043e\u0432 \u0441\u043e\u0441\u0442\u043e\u044f\u043d\u0438\u0435-\u0438\u0441\u0442\u043e\u0447\u043d\u0438\u043a, \u0441\u043e\u0441\u0442\u043e\u044f\u043d\u0438\u0435-\u043f\u043e\u043b\u0443\u0447\u0430\u0442\u0435\u043b\u044c \u0438 \u0441\u0441\u044b\u043b\u043a\u0443 \u043d\u0430 \u044d\u0435\u0437\u0435\u043c\u043f\u043b\u044f\u0440 \u0411\u041f\r\ndef handler(from_state, to_state, workflow_instance):\r\n    from elastic.organization.models import Order\r\n    from elastic.retail.models import Receipt\r\n    # \u0415\u0441\u043b\u0438 \u0435\u0441\u0442\u044c \u0434\u0430\u0442\u0430 \u0437\u0430\u0432\u0435\u0440\u0448\u0435\u043d\u0438\u044f, \u043d\u043e \u043d\u0435\u0442 \u0440\u043e\u0437\u043d\u0438\u0447\u043d\u043e\u0433\u043e \u0447\u0435\u043a\u0430 \u0437\u0430\u043a\u0440\u044b\u0432\u0430\u044e\u0449\u0435\u0433\u043e \u0437\u0430\u043a\u0430\u0437, \u0442\u043e \u0432\u0435\u0440\u043d\u0443\u0442\u044c \u0418\u0441\u0442\u0438\u043d\u0443\r\n    # \u0412 \u043f\u0440\u043e\u0442\u0438\u0432\u043d\u043e\u043c \u0441\u043b\u0443\u0447\u0430\u0435 \u0432\u0435\u0440\u043d\u0443\u0442\u044c \u041b\u043e\u0436\u044c\r\n    if workflow_instance.doc_object and type(workflow_instance.doc_object) is  Order:\r\n        return getattr(workflow_instance.doc_object, 'due_date', None) != None and \\\r\n        Receipt.objects.filter(reason=workflow_instance.doc_object.code).count() == 0\r\n    return False\r\n"
    },
    "model": "workflow.transition",
    "pk": 15
},
{
    "fields": {
        "from_state": 6,
        "task_script": "############# \u0417\u0430\u0434\u0430\u0447\u0430 \u0438\u0441\u043f\u043e\u043b\u043d\u044f\u0435\u043c\u0430\u044f \u043f\u0440\u0438 \u043f\u0435\u0440\u0435\u0445\u043e\u0434\u0435\r\n## \u042d\u0442\u0430 \u0444\u0443\u043d\u043a\u0446\u0438\u044f \u0441\u043e\u0434\u0435\u0440\u0436\u0438\u0442 \u043f\u0440\u043e\u0438\u0437\u0432\u043e\u043b\u044c\u043d\u044b\u0439 \u043a\u043e\u0434-\u0437\u0430\u0434\u0430\u0447\u0443 \u0438\u0441\u043f\u043e\u043b\u043d\u044f\u0435\u043c\u0443\u044e \u043f\u0440\u0438 \u043f\u0435\u0440\u0435\u0445\u043e\u0434\u0435.\r\n## \u0424\u0443\u043d\u043a\u0446\u0438\u044f \u0434\u043e\u043b\u0436\u043d\u0430 \u0432\u0435\u0440\u043d\u0443\u0442\u044c \u0418\u0441\u0442\u0438\u043d\u0443, \u0432 \u0441\u043b\u0443\u0447\u0430\u0435 \u0443\u0434\u0430\u0447\u043d\u043e\u0433\u043e \u0437\u0430\u0432\u0435\u0440\u0448\u0435\u043d\u0438\u044f, \u0438\u043b\u0438 \u041b\u043e\u0436\u044c -  \u0432 \u0438\u043d\u043e\u043c \u0441\u043b\u0443\u0447\u0430\u0435\r\n## \u0424\u0443\u043d\u043a\u0446\u0438\u044f \u043f\u043e\u043b\u0443\u0447\u0430\u0435\u0442 \u0432 \u043a\u0430\u0447\u0435\u0441\u0442\u0432\u0435 \u043f\u0430\u0440\u0430\u043c\u0435\u0442\u0440\u043e\u0432 \u0441\u043e\u0441\u0442\u043e\u044f\u043d\u0438\u0435-\u0438\u0441\u0442\u043e\u0447\u043d\u0438\u043a, \u0441\u043e\u0441\u0442\u043e\u044f\u043d\u0438\u0435-\u043f\u043e\u043b\u0443\u0447\u0430\u0442\u0435\u043b\u044c \u0438 \u0441\u0441\u044b\u043b\u043a\u0443 \u043d\u0430 \u044d\u0435\u0437\u0435\u043c\u043f\u043b\u044f\u0440 \u0411\u041f\r\ndef handler(from_state, to_state, workflow_instance):\r\n    from elastic.organization.models import Order\r\n    if workflow_instance.doc_object and type(workflow_instance.doc_object) is Order:\r\n        # \u0421\u043d\u0438\u043c\u0430\u0435\u043c \u0440\u0435\u0437\u0435\u0440\u0432\u044b \u043f\u043e \u0437\u0430\u043a\u0430\u0437\u0443\r\n        workflow_instance.doc_object.remove_reserve()\r\n            \r\n        # \u0412\u043e\u0437\u0432\u0440\u0430\u0449\u0430\u0435\u043c \u0430\u0432\u0430\u043d\u043e\u0432\u044b\u0439 \u043f\u043b\u0430\u0442\u0435\u0436 \u0432 \u0431\u0430\u043b\u043b\u0430\u0445\r\n        workflow_instance.doc_object.cancel_payment_in_bp()\r\n    return True\r\n",
        "to_state": 9,
        "weight": 10,
        "condition_script": "############# \u0423\u0441\u043b\u043e\u0432\u0438\u0435 \u0440\u0435\u0431\u0440\u0430\r\n## \u042d\u0442\u0430 \u0444\u0443\u043d\u043a\u0446\u0438\u044f \u0434\u043e\u043b\u0436\u043d\u0430 \u0432\u0435\u0440\u043d\u0443\u0442\u044c \u0418\u0441\u0442\u0438\u043d\u0443 \u0435\u0441\u043b\u0438 \u043f\u0435\u0440\u0435\u0445\u043e\u0434 \u043f\u043e \u0440\u0435\u0431\u0440\u0443 \u0434\u043e\u043f\u0443\u0441\u0442\u0438\u043c, \u0438\u043b\u0438 \u041b\u043e\u0436\u044c - \u0432 \u0438\u043d\u043e\u043c \u0441\u043b\u0443\u0447\u0430\u0435\r\n## \u0424\u0443\u043d\u043a\u0446\u0438\u044f \u043f\u043e\u043b\u0443\u0447\u0430\u0435\u0442 \u0432 \u043a\u0430\u0447\u0435\u0441\u0442\u0432\u0435 \u043f\u0430\u0440\u0430\u043c\u0435\u0442\u0440\u043e\u0432 \u0441\u043e\u0441\u0442\u043e\u044f\u043d\u0438\u0435-\u0438\u0441\u0442\u043e\u0447\u043d\u0438\u043a, \u0441\u043e\u0441\u0442\u043e\u044f\u043d\u0438\u0435-\u043f\u043e\u043b\u0443\u0447\u0430\u0442\u0435\u043b\u044c \u0438 \u0441\u0441\u044b\u043b\u043a\u0443 \u043d\u0430 \u044d\u0435\u0437\u0435\u043c\u043f\u043b\u044f\u0440 \u0411\u041f\r\ndef handler(from_state, to_state, workflow_instance):\r\n    from elastic.organization.models import Order\r\n    from elastic.retail.models import Receipt\r\n    # \u0415\u0441\u043b\u0438 \u0435\u0441\u0442\u044c \u0434\u0430\u0442\u0430 \u0437\u0430\u0432\u0435\u0440\u0448\u0435\u043d\u0438\u044f, \u043d\u043e \u043d\u0435\u0442 \u0440\u043e\u0437\u043d\u0438\u0447\u043d\u043e\u0433\u043e \u0447\u0435\u043a\u0430 \u0437\u0430\u043a\u0440\u044b\u0432\u0430\u044e\u0449\u0435\u0433\u043e \u0437\u0430\u043a\u0430\u0437, \u0442\u043e \u0432\u0435\u0440\u043d\u0443\u0442\u044c \u0418\u0441\u0442\u0438\u043d\u0443\r\n    # \u0412 \u043f\u0440\u043e\u0442\u0438\u0432\u043d\u043e\u043c \u0441\u043b\u0443\u0447\u0430\u0435 \u0432\u0435\u0440\u043d\u0443\u0442\u044c \u041b\u043e\u0436\u044c\r\n    if workflow_instance.doc_object and type(workflow_instance.doc_object) is  Order:\r\n        return getattr(workflow_instance.doc_object, 'due_date', None) != None and \\\r\n        Receipt.objects.filter(reason=workflow_instance.doc_object.code).count() == 0\r\n    return False\r\n"
    },
    "model": "workflow.transition",
    "pk": 16
},
{
    "fields": {
        "from_state": 11,
        "task_script": "############# \u0417\u0430\u0434\u0430\u0447\u0430 \u0438\u0441\u043f\u043e\u043b\u043d\u044f\u0435\u043c\u0430\u044f \u043f\u0440\u0438 \u043f\u0435\u0440\u0435\u0445\u043e\u0434\u0435\r\n## \u042d\u0442\u0430 \u0444\u0443\u043d\u043a\u0446\u0438\u044f \u0441\u043e\u0434\u0435\u0440\u0436\u0438\u0442 \u043f\u0440\u043e\u0438\u0437\u0432\u043e\u043b\u044c\u043d\u044b\u0439 \u043a\u043e\u0434-\u0437\u0430\u0434\u0430\u0447\u0443 \u0438\u0441\u043f\u043e\u043b\u043d\u044f\u0435\u043c\u0443\u044e \u043f\u0440\u0438 \u043f\u0435\u0440\u0435\u0445\u043e\u0434\u0435.\r\n## \u0424\u0443\u043d\u043a\u0446\u0438\u044f \u0434\u043e\u043b\u0436\u043d\u0430 \u0432\u0435\u0440\u043d\u0443\u0442\u044c \u0418\u0441\u0442\u0438\u043d\u0443, \u0432 \u0441\u043b\u0443\u0447\u0430\u0435 \u0443\u0434\u0430\u0447\u043d\u043e\u0433\u043e \u0437\u0430\u0432\u0435\u0440\u0448\u0435\u043d\u0438\u044f, \u0438\u043b\u0438 \u041b\u043e\u0436\u044c -  \u0432 \u0438\u043d\u043e\u043c \u0441\u043b\u0443\u0447\u0430\u0435\r\n## \u0424\u0443\u043d\u043a\u0446\u0438\u044f \u043f\u043e\u043b\u0443\u0447\u0430\u0435\u0442 \u0432 \u043a\u0430\u0447\u0435\u0441\u0442\u0432\u0435 \u043f\u0430\u0440\u0430\u043c\u0435\u0442\u0440\u043e\u0432 \u0441\u043e\u0441\u0442\u043e\u044f\u043d\u0438\u0435-\u0438\u0441\u0442\u043e\u0447\u043d\u0438\u043a, \u0441\u043e\u0441\u0442\u043e\u044f\u043d\u0438\u0435-\u043f\u043e\u043b\u0443\u0447\u0430\u0442\u0435\u043b\u044c \u0438 \u0441\u0441\u044b\u043b\u043a\u0443 \u043d\u0430 \u044d\u0435\u0437\u0435\u043c\u043f\u043b\u044f\u0440 \u0411\u041f\r\ndef handler(from_state, to_state, workflow_instance):\r\n    from elastic.organization.models import Order\r\n    if workflow_instance.doc_object and type(workflow_instance.doc_object) is Order:\r\n        # \u0415\u0441\u043b\u0438 \u0434\u043e\u043a\u0443\u043c\u0435\u043d\u0442 \u043d\u0435 \u044f\u0432\u043b\u044f\u0435\u0442\u0441\u044f \u0440\u0435\u043f\u043b\u0438\u043a\u043e\u0439, \u0442\u043e...\r\n        if workflow_instance.doc_object.is_original():\r\n            # ...\u043f\u0435\u0440\u0435\u0441\u0447\u0438\u0442\u044b\u0432\u0430\u0435\u043c \u043f\u043e\u043b\u043d\u0443\u044e \u0441\u0442\u043e\u0438\u043c\u043e\u0441\u0442\u044c \u0442\u043e\u0432\u0430\u0440\u043e\u0432, \u0441\u0442\u043e\u0438\u043c\u043e\u0441\u0442\u044c \u0434\u043e\u0441\u0442\u0430\u0432\u043a\u0438 \u0438 \u043e\u043a\u043e\u043d\u0447\u0430\u0442\u0435\u043b\u044c\u043d\u044b\u0439 \u0438\u0442\u043e\u0433\r\n            workflow_instance.doc_object.calculate_delivery_cost()\r\n            workflow_instance.doc_object.calculate_results()\r\n        return True\r\n    return False\r\n",
        "to_state": 4,
        "weight": 10,
        "condition_script": "############# \u0423\u0441\u043b\u043e\u0432\u0438\u0435 \u0440\u0435\u0431\u0440\u0430\r\n## \u042d\u0442\u0430 \u0444\u0443\u043d\u043a\u0446\u0438\u044f \u0434\u043e\u043b\u0436\u043d\u0430 \u0432\u0435\u0440\u043d\u0443\u0442\u044c \u0418\u0441\u0442\u0438\u043d\u0443 \u0435\u0441\u043b\u0438 \u043f\u0435\u0440\u0435\u0445\u043e\u0434 \u043f\u043e \u0440\u0435\u0431\u0440\u0443 \u0434\u043e\u043f\u0443\u0441\u0442\u0438\u043c, \u0438\u043b\u0438 \u041b\u043e\u0436\u044c - \u0432 \u0438\u043d\u043e\u043c \u0441\u043b\u0443\u0447\u0430\u0435\r\n## \u0424\u0443\u043d\u043a\u0446\u0438\u044f \u043f\u043e\u043b\u0443\u0447\u0430\u0435\u0442 \u0432 \u043a\u0430\u0447\u0435\u0441\u0442\u0432\u0435 \u043f\u0430\u0440\u0430\u043c\u0435\u0442\u0440\u043e\u0432 \u0441\u043e\u0441\u0442\u043e\u044f\u043d\u0438\u0435-\u0438\u0441\u0442\u043e\u0447\u043d\u0438\u043a, \u0441\u043e\u0441\u0442\u043e\u044f\u043d\u0438\u0435-\u043f\u043e\u043b\u0443\u0447\u0430\u0442\u0435\u043b\u044c \u0438 \u0441\u0441\u044b\u043b\u043a\u0443 \u043d\u0430 \u044d\u0435\u0437\u0435\u043c\u043f\u043b\u044f\u0440 \u0411\u041f\r\ndef handler(from_state, to_state, workflow_instance):\r\n    return True\r\n"
    },
    "model": "workflow.transition",
    "pk": 17
},
{
    "fields": {
        "workflow_schema": 1,
        "doc_content_type": 37,
        "doc_id": 290
    },
    "model": "workflow.workflow",
    "pk": 1
},
{
    "fields": {
        "workflow_schema": 1,
        "doc_content_type": 37,
        "doc_id": 294
    },
    "model": "workflow.workflow",
    "pk": 2
},
{
    "fields": {
        "workflow_schema": 3,
        "doc_content_type": 54,
        "doc_id": 7
    },
    "model": "workflow.workflow",
    "pk": 18
},
{
    "fields": {
        "workflow_schema": 3,
        "doc_content_type": 54,
        "doc_id": 12
    },
    "model": "workflow.workflow",
    "pk": 32
},
{
    "fields": {
        "state_code": "new",
        "state_name": "\u041d\u043e\u0432\u044b\u0439",
        "workflow": 1,
        "creation_date": "2016-04-15T04:34:45.259Z"
    },
    "model": "workflow.workflowlogrecord",
    "pk": 1
},
{
    "fields": {
        "state_code": "new",
        "state_name": "\u041d\u043e\u0432\u044b\u0439",
        "workflow": 2,
        "creation_date": "2016-04-15T05:22:48.593Z"
    },
    "model": "workflow.workflowlogrecord",
    "pk": 2
},
{
    "fields": {
        "state_code": "fixed",
        "state_name": "\u041f\u0440\u043e\u0432\u0435\u0434\u0435\u043d",
        "workflow": 2,
        "creation_date": "2016-04-15T05:34:23.258Z"
    },
    "model": "workflow.workflowlogrecord",
    "pk": 4
},
{
    "fields": {
        "state_code": "new",
        "state_name": "\u041d\u043e\u0432\u044b\u0439",
        "workflow": 2,
        "creation_date": "2016-04-15T05:46:08.017Z"
    },
    "model": "workflow.workflowlogrecord",
    "pk": 5
},
{
    "fields": {
        "state_code": "wait",
        "state_name": "\u041e\u0436\u0438\u0434\u0430\u0435\u043c \u0442\u043e\u0432\u0430\u0440",
        "workflow": 2,
        "creation_date": "2016-04-15T07:09:16.864Z"
    },
    "model": "workflow.workflowlogrecord",
    "pk": 6
},
{
    "fields": {
        "state_code": "fixed",
        "state_name": "\u041f\u0440\u043e\u0432\u0435\u0434\u0435\u043d",
        "workflow": 2,
        "creation_date": "2016-04-15T07:09:16.894Z"
    },
    "model": "workflow.workflowlogrecord",
    "pk": 7
},
{
    "fields": {
        "state_code": "wait",
        "state_name": "\u041e\u0436\u0438\u0434\u0430\u0435\u043c \u0442\u043e\u0432\u0430\u0440",
        "workflow": 2,
        "creation_date": "2016-04-18T01:55:39.532Z"
    },
    "model": "workflow.workflowlogrecord",
    "pk": 25
},
{
    "fields": {
        "state_code": "new",
        "state_name": "\u041d\u043e\u0432\u044b\u0439",
        "workflow": 2,
        "creation_date": "2016-04-18T02:05:23.460Z"
    },
    "model": "workflow.workflowlogrecord",
    "pk": 26
},
{
    "fields": {
        "state_code": "fixed",
        "state_name": "\u041f\u0440\u043e\u0432\u0435\u0434\u0435\u043d",
        "workflow": 2,
        "creation_date": "2016-04-20T04:21:33.675Z"
    },
    "model": "workflow.workflowlogrecord",
    "pk": 27
},
{
    "fields": {
        "state_code": "new",
        "state_name": "\u041d\u043e\u0432\u044b\u0439",
        "workflow": 18,
        "creation_date": "2016-04-25T04:27:52.502Z"
    },
    "model": "workflow.workflowlogrecord",
    "pk": 58
},
{
    "fields": {
        "state_code": "processing",
        "state_name": "\u0412 \u0440\u0430\u0431\u043e\u0442\u0435",
        "workflow": 18,
        "creation_date": "2016-04-25T04:27:52.683Z"
    },
    "model": "workflow.workflowlogrecord",
    "pk": 59
},
{
    "fields": {
        "state_code": "collected",
        "state_name": "\u0421\u043e\u0431\u0440\u0430\u043d",
        "workflow": 18,
        "creation_date": "2016-04-25T04:27:52.695Z"
    },
    "model": "workflow.workflowlogrecord",
    "pk": 60
},
{
    "fields": {
        "state_code": "completed",
        "state_name": "\u041e\u043f\u043b\u0430\u0447\u0435\u043d \u0438 \u0437\u0430\u043a\u0440\u044b\u0442",
        "workflow": 18,
        "creation_date": "2016-04-25T04:27:52.781Z"
    },
    "model": "workflow.workflowlogrecord",
    "pk": 61
},
{
    "fields": {
        "state_code": "init",
        "state_name": "\u0421\u0442\u0430\u0440\u0442",
        "workflow": 32,
        "creation_date": "2016-05-10T07:15:49.880Z"
    },
    "model": "workflow.workflowlogrecord",
    "pk": 86
},
{
    "fields": {
        "state_code": "new",
        "state_name": "\u041d\u043e\u0432\u044b\u0439",
        "workflow": 32,
        "creation_date": "2016-05-10T07:15:49.888Z"
    },
    "model": "workflow.workflowlogrecord",
    "pk": 87
},
{
    "fields": {
        "state_code": "processing",
        "state_name": "\u0412 \u0440\u0430\u0431\u043e\u0442\u0435",
        "workflow": 32,
        "creation_date": "2016-05-10T09:27:03.070Z"
    },
    "model": "workflow.workflowlogrecord",
    "pk": 88
}
]
